id,playerId,Display Name,First Name,Last Name,Birth Date,Birth Place,National Team,Shirt Num,Position,Position Info
686,694.0,Joe Parkinson,Joe,Parkinson,1971-06-11,England,England,,M,Midfielder
19,3636.0,Ray Parlour,Ray,Parlour,1973-03-07,England,England,15.0,M,Midfielder
1024,42030.0,Mark Patterson,Mark,Patterson,1965-05-24,England,England,,F,Forward
671,25930.0,Gavin Peacock,Gavin,Peacock,1967-11-18,England,England,,,
96,30403.0,Ian Pearce,Ian,Pearce,1974-05-07,England,England,,D,Defender
345,1198.0,Steve Pears,Steve,Pears,1962-01-22,England,England,,G,Goalkeeper
503,1224.0,Nigel Pearson,Nigel,Pearson,1963-08-21,England,England,,D,Defender
483,706.0,John Pemberton,John,Pemberton,1964-11-18,England,England,,M,Midfielder
1096,3227.0,Mark Pembridge,Mark,Pembridge,1970-11-29,Wales,Wales,24.0,M,Midfielder
465,447.0,Gary Penrice,Gary,Penrice,1964-03-23,England,England,,F,Forward
587,97107.0,Chris Perry,Chris,Perry,1973-04-26,England,England,5.0,D,Defender
954,2491.0,Dan Petrescu,Dan,Petrescu,1967-12-22,Romania,Romania,,D,Defender
224,215.0,Paul Pettinger,Paul,Pettinger,1975-10-01,England,England,,G,Goalkeeper
291,1381.0,Terry Phelan,Terry,Phelan,1967-03-16,Ireland,Ireland,,D,Defender
921,3869.0,Phil Neville,Philip,Neville,1977-01-21,England,England,18.0,M,Centre Defensive Midfielder
355,1148.0,Jimmy Phillips,Jimmy,Phillips,1966-02-08,England,England,,M,Midfielder
679,685.0,Ally Pickering,Ally,Pickering,1967-06-22,England,England,,D,Defender
308,135707.0,Kevin Pilkington,Kevin,Pilkington,1974-03-08,England,England,44.0,G,Goalkeeper
989,1105.0,David Platt,David,Platt,1966-06-10,England,England,,M,Midfielder
1099,1266.0,Mark Platts,Mark,Platts,1979-05-23,England,England,,M,Midfielder
949,1040.0,Chris Plummer,Chris,Plummer,1976-10-12,England,England,14.0,D,Defender
362,1781.0,Jamie Pollock,Jamie,Pollock,1974-02-16,England,England,,M,Midfielder
752,780.0,Adem Poric,Adem,Poric,1973-04-22,England,England,,M,Midfielder
785,821.0,Steve Potts,Steve,Potts,1967-05-07,United States,England,,D,Defender
495,2910.0,Kevin Pressman,Kevin,Pressman,1967-11-06,England,England,,G,Goalkeeper
1126,1310.0,William Prunier,William,Prunier,1967-08-14,France,France,,D,Defender
1092,41994.0,Nigel Quashie,Nigel,Quashie,1978-07-20,Scotland,Scotland,19.0,M,Midfielder
304,1492.0,Niall Quinn,Niall,Quinn,1966-10-06,Ireland,Ireland,,F,Forward
886,961.0,Lucas Radebe,Lucas,Radebe,1969-04-12,South Africa,South Africa,5.0,D,Defender
444,426.0,Karl Ready,Karl,Ready,1972-08-14,England,England,,D,Defender
262,3710.0,Jamie Redknapp,Jamie,Redknapp,1973-06-25,England,England,38.0,M,Midfielder
1001,1121.0,Adam Reed,Adam,Reed,1975-02-18,England,England,,D,Defender
971,1071.0,Alan Reeves,Alan,Reeves,1967-11-19,England,England,,D,Defender
124,118.0,David Rennie,David,Rennie,1964-08-29,Scotland,Scotland,,D,Defender
986,1297.0,Andy Rhodes,Andy,Rhodes,1964-08-23,England,England,,G,Goalkeeper
43,1748.0,Kevin Richardson,Kevin,Richardson,1962-12-04,England,England,,M,Midfielder
196,189.0,Paul Rideout,Paul,Rideout,1964-08-14,England,England,,F,Forward
966,1063.0,Marc Rieper,Marc,Rieper,1968-06-05,Denmark,Denmark,,D,Defender
79,1991.0,Stuart Ripley,Stuart,Ripley,1967-11-20,England,England,,M,Midfielder
914,16428.0,Gareth Roberts,Gareth,Roberts,1978-02-06,Wales,Wales,3.0,D,Defender
711,29043.0,Matthew Robinson,Matthew,Robinson,1974-12-23,England,England,,D,Defender
322,1231.0,Bryan Robson,Bryan,Robson,1957-01-11,England,England,,M,Midfielder
237,42142.0,David Rocastle,David,Rocastle,1967-05-02,England,England,,M,Midfielder
840,891.0,Matthew Rose,Matthew,Rose,1975-09-24,England,England,,D,Defender
274,817.0,Ronnie Rosenthal,Ronnie,Rosenthal,1963-10-11,Israel,Israel,,F,Forward
704,2494.0,Uwe Rösler,Uwe,Rösler,1968-11-15,Germany,Germany,,F,Forward
620,826.0,Keith Rowland,Keith,Rowland,1971-01-09,Northern Ireland,Northern Ireland,,D,Defender
943,146270.0,Bryan Roy,Bryan,Roy,1970-02-12,Netherlands,Netherlands,22.0,F,Forward
558,2011.0,Neil Ruddock,Neil,Ruddock,1968-05-09,England,England,,D,Defender
275,1723.0,Ian Rush,Ian,Rush,1961-10-20,Wales,Wales,,F,Forward
159,2325.0,John Salako,John,Salako,1969-02-11,Nigeria,England,,M,Midfielder
568,946.0,Vinny Samways,Vinny,Samways,1968-10-27,England,England,,M,Midfielder
586,2537.0,John Scales,John,Scales,1966-07-04,England,England,,D,Defender
307,143575.0,Peter Schmeichel,Peter,Schmeichel,1963-11-18,Denmark,Denmark,1.0,G,Goalkeeper
336,324.0,Paul Scholes,Paul,Scholes,1974-11-16,England,England,22.0,M,Centre Central Midfielder
660,97880.0,Riccardo Scimeca,Riccardo,Scimeca,1975-06-13,England,England,19.0,D,Defender
777,41934.0,Kevin Scott,Kevin,Scott,1966-12-17,England,England,,D,Defender
310,1062.0,Les Sealey,Les,Sealey,1957-09-29,England,England,,G,Goalkeeper
1,119183.0,David Seaman,David,Seaman,1963-09-19,England,England,,G,Goalkeeper
582,1999.0,Hans Segers,Hans,Segers,1961-10-30,Netherlands,Netherlands,,G,Goalkeeper
631,41810.0,Scott Sellars,Scott,Sellars,1965-11-27,England,England,8.0,M,Midfielder
20,27669.0,Ian Selley,Ian,Selley,1974-06-14,England,England,,M,Midfielder
232,223.0,Kevin Sharp,Kevin,Sharp,1974-09-19,Canada,Canada,,D,Defender
328,2074.0,Lee Sharpe,Lee,Sharpe,1971-05-27,England,England,,M,Midfielder
24,24.0,Paul Shaw,Paul,Shaw,1973-09-04,England,England,,M,Midfielder
89,1440.0,Alan Shearer,Alan,Shearer,1970-08-13,England,England,9.0,F,Forward
510,1592.0,John Sheridan,John,Sheridan,1964-10-01,Ireland,Ireland,,M,Midfielder
576,110022.0,Teddy Sheringham,Teddy,Sheringham,1966-04-02,England,England,,F,Centre Second Striker
78,3336.0,Tim Sherwood,Tim,Sherwood,1969-02-06,England,England,,M,Midfielder
1032,1173.0,Sam Shilton,Sam,Shilton,1978-07-21,England,England,,M,Midfielder
802,146808.0,Danny Shipp,Danny,Shipp,1976-09-25,England,England,,F,Forward
116,4460.0,Neil Shipperley,Neil,Shipperley,1974-10-30,England,England,,F,Forward
1037,4325.0,Craig Short,Craig,Short,1968-06-25,England,England,24.0,D,Defender
1088,146267.0,Andrea Silenzi,Andrea,Silenzi,1966-02-10,Italy,Italy,15.0,F,Forward
103,29322.0,Frank Sinclair,Frank,Sinclair,1971-12-03,Jamaica,Jamaica,15.0,D,Defender
456,1274.0,Andy Sinton,Andy,Sinton,1966-03-19,England,England,,M,Midfielder
593,571.0,Justin Skinner,Justin,Skinner,1969-01-30,England,England,,M,Midfielder
964,41998.0,Steve Slade,Steve,Slade,1975-10-06,England,England,,F,Forward
854,1460.0,Robbie Slater,Robbie,Slater,1964-11-22,Australia,Australia,,M,Midfielder
42,41800.0,Bryan Small,Bryan,Small,1971-11-15,England,England,19.0,D,Defender
875,42045.0,Alex Smith,Alex,Smith,1976-02-15,England,England,,D,Defender
1119,42078.0,Richard Sneekes,Richard,Sneekes,1968-10-30,Netherlands,Netherlands,,M,Midfielder
1090,1255.0,Juergen Sommer,Juergen,Sommer,1969-02-27,United States,United States,,G,Goalkeeper
172,2065.0,Neville Southall,Neville,Southall,1958-09-16,Wales,Wales,,G,Goalkeeper
153,2732.0,Gareth Southgate,Gareth,Southgate,1970-09-03,England,England,6.0,D,Defender
95,42017.0,Nigel Spackman,Nigel,Spackman,1960-12-02,England,England,,M,Midfielder
239,97061.0,Gary Speed,Gary,Speed,1969-09-08,Wales,Wales,15.0,M,Midfielder
117,2033.0,John Spencer,John,Spencer,1970-09-11,Scotland,Scotland,,F,Forward
33,42069.0,Nigel Spink,Nigel,Spink,1958-08-08,England,England,,G,Goalkeeper
1010,1134.0,Nicky Spooner,Nicky,Spooner,1971-06-05,England,England,,D,Defender
708,727.0,Pavel Srnicek,Pavel,Srnicek,1968-03-10,Czech Republic,Czech Republic,24.0,G,Goalkeeper
359,345.0,Phil Stamp,Phil,Stamp,1975-12-12,England,England,,M,Midfielder
41,39.0,Steve Staunton,Steve,Staunton,1969-01-19,Ireland,Ireland,,D,Defender
1095,27653.0,Dejan Stefanovic,Dejan,Stefanovic,1974-10-28,Serbia,Serbia,,D,Defender
674,42156.0,Mark Stein,Mark,Stein,1966-01-28,South Africa,England,,F,Forward
913,183161.0,Michael Stensgaard,Michael,Stensgaard,1974-09-01,Denmark,Denmark,,G,Goalkeeper
276,1491.0,Paul Stewart,Paul,Stewart,1964-10-07,England,England,,F,Forward
406,3337.0,Steve Stone,Steve,Stone,1971-08-20,England,England,,M,Midfielder
242,925.0,Gordon Strachan,Gordon,Strachan,1957-02-09,Scotland,Scotland,,M,Midfielder
1015,1139.0,Greg Strong,Greg,Strong,1975-09-05,England,England,,D,Defender
111,3673.0,Graham Stuart,Graham,Stuart,1970-10-24,England,England,4.0,M,Midfielder
1017,4574.0,Alan Stubbs,Alan,Stubbs,1971-10-06,England,England,15.0,D,Defender
583,27204.0,Neil Sullivan,Neil,Sullivan,1970-02-24,Scotland,Scotland,1.0,G,Goalkeeper
769,3431.0,Nicky Summerbee,Nicky,Summerbee,1971-08-26,England,England,,M,Midfielder
1075,1233.0,Mark Summerbell,Mark,Summerbell,1976-10-30,England,England,,M,Midfielder
390,4120.0,Chris Sutton,Chris,Sutton,1973-03-10,England,England,20.0,F,Forward
1055,3544.0,Kit Symons,Kit,Symons,1971-03-08,England,Wales,33.0,D,Defender
1014,1913.0,Gerry Taggart,Gerry,Taggart,1970-10-18,Northern Ireland,Northern Ireland,,D,Defender
594,572.0,Steve Talboys,Steve,Talboys,1966-09-18,England,England,,M,Midfielder
66,63.0,Frank Talia,Frank,Talia,1972-07-20,Australia,Australia,,G,Goalkeeper
847,901.0,Ian Taylor,Ian,Taylor,1968-06-04,England,England,,M,Midfielder
1033,12313.0,Paul Telfer,Paul,Telfer,1971-10-21,Scotland,Scotland,,D,Defender
939,1029.0,Stuart Thom,Stuart,Thom,1976-12-27,England,England,,D,Defender
263,253.0,Michael Thomas,Michael,Thomas,1967-08-24,England,England,,M,Midfielder
1019,278335.0,Alan Thompson,Alan,Thompson,1973-12-22,England,England,8.0,M,Midfielder
148,1077.0,Andy Thorn,Andy,Thorn,1966-11-12,England,England,,F,Forward
545,525.0,Erik Thorstvedt,Erik,Thorstvedt,1962-10-28,Norway,Norway,,G,Goalkeeper
397,1840.0,Carl Tiler,Carl,Tiler,1970-02-11,England,England,,D,Defender
241,232.0,Mark Tinkler,Mark,Tinkler,1974-10-24,England,England,,M,Midfielder
532,14634.0,Paul Tisdale,Paul,Tisdale,1973-01-14,Malta,England,17.0,M,Midfielder
356,178390.0,Andrew Todd,Andrew,Todd,1974-09-21,England,England,,D,Defender
112,1935.0,Andy Townsend,Andy,Townsend,1963-07-23,Ireland,Ireland,,M,Midfielder
468,146833.0,Simon Tracey,Simon,Tracey,1967-12-09,England,England,24.0,G,Goalkeeper
562,41975.0,Andy Turner,Andy,Turner,1975-03-23,England,Northern Ireland,,M,Midfielder
181,4432.0,David Unsworth,David,Unsworth,1973-10-16,England,England,25.0,D,Defender
712,1269.0,Barry Venison,Barry,Venison,1964-08-16,England,England,,D,Defender
1070,2818.0,Steve Vickers,Steve,Vickers,1967-10-13,England,England,,D,Defender
287,42011.0,Michel Vonk,Michel,Vonk,1968-10-28,Netherlands,Netherlands,,D,Defender
506,128587.0,Chris Waddle,Chris,Waddle,1960-12-14,England,England,10.0,M,Centre Central Midfielder
997,177669.0,Richard Walker,Richard,Walker,1977-11-08,England,England,,F,Forward
248,2621.0,Rod Wallace,Rod,Wallace,1969-10-02,England,England,,F,Forward
922,3075.0,Ronnie Wallwork,Ronnie,Wallwork,1977-09-10,England,England,24.0,D,Defender
703,41980.0,Paul Walsh,Paul,Walsh,1962-10-01,England,England,,F,Forward
266,42046.0,Mark Walters,Mark,Walters,1964-02-06,England,England,,M,Midfielder
892,176663.0,Gavin Ward,Gavin,Ward,1970-06-30,England,England,,G,Goalkeeper
501,2605.0,Paul Warhurst,Paul,Warhurst,1969-09-26,England,England,,D,Defender
912,16179.0,Tony Warner,Tony,Warner,1974-05-11,England,Trinidad & Tobago,34.0,G,Goalkeeper
1103,1272.0,Christer Warren,Christer,Warren,1974-10-10,England,England,,F,Forward
174,167.0,Dave Watson,Dave,Watson,1961-11-20,England,England,,D,Defender
502,1399.0,Julian Watts,Julian,Watts,1971-03-17,England,England,,D,Defender
409,41859.0,Neil Webb,Neil,Webb,1963-07-30,England,England,,M,Midfielder
788,824.0,Simon Webster,Simon,Webster,1964-01-20,England,England,,D,Defender
228,2071.0,David Wetherall,David,Wetherall,1971-03-14,England,England,5.0,D,Defender
245,95531.0,Noel Whelan,Noel,Whelan,1974-12-30,England,England,,F,Forward
764,41972.0,Adrian Whitbread,Adrian,Whitbread,1971-10-22,England,England,,D,Defender
295,42015.0,David White,David,White,1967-10-30,England,England,,M,Midfielder
1012,94683.0,Stuart Whitehead,Stuart,Whitehead,1976-07-17,England,England,,D,Defender
700,716.0,Jim Whitley,Jim,Whitley,1975-04-14,Zambia,Northern Ireland,,M,Midfielder
1018,41815.0,Stuart Whittaker,Stuart,Whittaker,1975-01-02,England,England,19.0,M,Midfielder
664,1047.0,Guy Whittingham,Guy,Whittingham,1964-11-10,England,England,,F,Forward
630,26058.0,Chris Whyte,Chris,Whyte,1961-09-02,England,England,,,
535,28730.0,Tommy Widdrington,Tommy,Widdrington,1971-10-01,England,England,13.0,M,Midfielder
80,2129.0,Jason Wilcox,Jason,Wilcox,1971-07-15,England,England,,M,Midfielder
455,1083.0,Ray Wilkins,Ray,Wilkins,1956-09-14,England,England,,M,Midfielder
368,1780.0,Paul Wilkinson,Paul,Wilkinson,1964-10-30,England,England,,F,Forward
1030,2745.0,Paul Williams,Paul,Williams,1971-03-26,England,England,,D,Defender
796,1663.0,Danny Williamson,Danny,Williamson,1973-12-05,England,England,,M,Midfielder
452,1273.0,Clive Wilson,Clive,Wilson,1961-11-13,England,England,,D,Defender
11,2514.0,Nigel Winterburn,Nigel,Winterburn,1963-12-11,England,England,,D,Defender
107,2711.0,Dennis Wise,Dennis,Wise,1966-12-16,England,England,,M,Midfielder
404,146262.0,Ian Woan,Ian,Woan,1967-12-14,England,England,18.0,M,Midfielder
1039,1182.0,Mattie Woods,Mattie,Woods,1976-09-09,England,England,,D,Defender
496,3655.0,Nigel Worthington,Nigel,Worthington,1961-11-04,Northern Ireland,Northern Ireland,,D,Defender
29,2019.0,Ian Wright,Ian,Wright,1963-11-03,England,England,,F,Forward
739,764.0,Steve Yates,Steve,Yates,1970-01-29,England,England,,D,Defender
889,964.0,Anthony Yeboah,Anthony,Yeboah,1966-06-06,Ghana,Ghana,,F,Forward
59,4762.0,Dwight Yorke,Dwight,Yorke,1971-11-03,Trinidad & Tobago,Trinidad & Tobago,19.0,M,Midfielder
1128,1316.0,Ned Zelic,Ned,Zelic,1971-07-04,Australia,Australia,,M,Midfielder
93,89.0,Dmitri Kharin,Dmitri,Kharin,1968-08-16,Russia,Russia,,G,Goalkeeper
807,846.0,Alan Kimble,Alan,Kimble,1966-06-08,England,England,,D,Defender
498,42044.0,Phil King,Phil,King,1967-12-28,England,England,,D,Defender
1058,2114.0,Georgi Kinkladze,Georgi,Kinkladze,1973-07-06,Georgia,Georgia,18.0,M,Midfielder
928,1508.0,Paul Kitson,Paul,Kitson,1971-01-09,England,England,,F,Forward
222,896.0,Chris Kiwomya,Chris,Kiwomya,1969-12-02,England,England,,F,Forward
673,680.0,Jakob Kjeldbjerg,Jakob,Kjeldbjerg,1969-10-21,Denmark,Denmark,,M,Midfielder
1100,174371.0,Darko Kovacevic,Darko,Kovacevic,1973-11-18,Serbia,Serbia,9.0,F,Forward
302,291.0,Paul Lake,Paul,Lake,1968-10-28,England,England,,M,Midfielder
800,143319.0,Frank Lampard,Frank,Lampard,1978-06-20,England,England,8.0,M,Attacking Midfielder
846,1179.0,Nii Lamptey,Nii,Lamptey,1974-12-10,Ghana,Ghana,,F,Forward
1114,2841.0,Stan Lazaridis,Stan,Lazaridis,1972-08-16,Australia,Australia,11.0,M,Midfielder
70,110013.0,Graeme Le Saux,Graeme,Le Saux,1968-10-17,England,England,,D,Defender
533,513.0,Matthew Le Tissier,Matthew,Le Tissier,1968-10-14,England,England,,M,Midfielder
996,11171.0,Alan Lee,Alan,Lee,1978-08-21,Ireland,Ireland,29.0,F,Centre Striker
973,2810.0,Oyvind Leonhardsen,Oyvind,Leonhardsen,1970-08-17,Norway,Norway,,M,Midfielder
1071,1226.0,Craig Liddle,Craig,Liddle,1971-10-21,England,England,,D,Defender
22,42092.0,Anders Limpar,Anders,Limpar,1965-09-24,Sweden,Sweden,,M,Midfielder
12,41841.0,Andy Linighan,Andy,Linighan,1962-06-18,England,England,6.0,D,Defender
293,1505.0,Steve Lomas,Steve,Lomas,1974-01-18,Germany,Northern Ireland,,M,Midfielder
225,1320.0,John Lukic,John,Lukic,1960-12-11,England,England,,G,Goalkeeper
936,29098.0,Des Lyttle,Des,Lyttle,1971-09-24,England,England,15.0,D,Defender
549,529.0,Gary Mabbutt,Gary,Mabbutt,1961-08-23,England,England,,D,Defender
530,1937.0,Neil Maddison,Neil,Maddison,1969-10-02,England,England,,M,Midfielder
443,425.0,Danny Maddix,Danny,Maddix,1967-10-11,England,England,,D,Defender
757,2388.0,Jim Magilton,Jim,Magilton,1969-05-06,Northern Ireland,Northern Ireland,7.0,M,Midfielder
780,816.0,Paul Mahorn,Paul,Mahorn,1973-08-13,England,England,,F,Forward
85,41868.0,Lee Makel,Lee,Makel,1973-01-11,England,England,,M,Midfielder
281,270.0,Martyn Margetson,Martyn,Margetson,1971-09-08,Wales,Wales,,G,Goalkeeper
68,65.0,Nicky Marker,Nicky,Marker,1965-05-03,England,England,,D,Defender
10,2043.0,Scott Marshall,Scott,Marshall,1973-05-01,Scotland,Scotland,,D,Defender
316,1303.0,Lee Martin,Lee,Martin,1968-02-05,England,England,,D,Defender
888,963.0,Philemon Masinga,Philemon,Masinga,1969-06-21,South Africa,South Africa,,F,Forward
759,789.0,Craig Maskell,Craig,Maskell,1968-04-10,England,England,,F,Forward
259,5078.0,Dominic Matteo,Dominic,Matteo,1974-04-28,Scotland,Scotland,,D,Defender
1109,42001.0,Steve Mautone,Steve,Mautone,1970-08-10,Australia,Australia,,G,Goalkeeper
67,1004.0,David May,David,May,1970-06-24,England,England,,D,Defender
1046,30368.0,Alan Maybury,Alan,Maybury,1978-08-08,Ireland,Ireland,2.0,D,Defender
1062,1212.0,Giuseppe Mazzarelli,Giuseppe,Mazzarelli,1972-08-14,Switzerland,Switzerland,,F,Forward
238,2428.0,Gary McAllister,Gary,McAllister,1964-12-25,Scotland,Scotland,,M,Midfielder
1011,1135.0,Steve McAnespie,Steve,McAnespie,1972-02-01,Scotland,Scotland,,D,Defender
1052,2757.0,Jason McAteer,Jason,McAteer,1971-06-18,Ireland,Ireland,,M,Midfielder
1042,4538.0,Gavin McCann,Gavin,McCann,1978-01-10,England,England,,M,Centre Central Midfielder
337,325.0,Brian McClair,Brian,McClair,1963-12-08,Scotland,Scotland,,F,Forward
451,433.0,Alan McDonald,Alan,McDonald,1963-10-12,Northern Ireland,Northern Ireland,,D,Defender
314,302.0,Pat McGibbon,Pat,McGibbon,1973-09-06,Northern Ireland,Northern Ireland,,D,Defender
1023,41818.0,John McGinlay,John,McGinlay,1964-04-08,England,England,10.0,F,Forward
156,41912.0,Eddie McGoldrick,Eddie,McGoldrick,1965-04-30,England,Ireland,,M,Midfielder
5,5.0,Gavin McGowan,Gavin,McGowan,1976-01-16,England,England,,D,Defender
37,1362.0,Paul McGrath,Paul,McGrath,1959-12-04,Ireland,Ireland,,D,Defender
413,146268.0,Paul McGregor,Paul,McGregor,1974-12-17,England,England,20.0,F,Forward
1003,3583.0,Billy McKinlay,Billy,McKinlay,1969-04-22,Scotland,Scotland,,M,Midfielder
571,42158.0,Gerry McMahon,Gerry,McMahon,1973-12-29,Northern Ireland,Northern Ireland,,M,Midfielder
271,3287.0,Steve McManaman,Steve,McManaman,1972-02-11,England,England,,M,Midfielder
1125,1309.0,Mark McNally,Mark,McNally,1971-03-10,Scotland,Scotland,,D,Defender
1113,1506.0,Scott Mean,Scott,Mean,1973-12-13,England,England,,M,Midfielder
1121,98369.0,Junior Mendes,Junior,Mendes,1976-09-15,Montserrat,Montserrat,,F,Forward
934,146834.0,Billy Mercer,Billy,Mercer,1969-05-22,England,England,,G,Goalkeeper
23,128586.0,Paul Merson,Paul,Merson,1968-03-20,England,England,9.0,M,Centre Central Midfielder
782,818.0,Ludek Miklosko,Ludek,Miklosko,1961-12-09,Czech Republic,Czech Republic,,G,Goalkeeper
2,25908.0,Alan Miller,Alan,Miller,1970-03-29,England,England,,,
995,127332.0,Savo Milosevic,Savo,Milosevic,1973-09-02,Serbia,Serbia,9.0,F,Forward
64,42123.0,Bobby Mimms,Bobby,Mimms,1963-10-12,England,England,,G,Goalkeeper
855,2012.0,Scott Minto,Scott,Minto,1971-08-06,England,England,,D,Defender
792,831.0,Paul Mitchell,Paul,Mitchell,1971-10-20,England,England,,M,Midfielder
768,1065.0,John Moncur,John,Moncur,1966-09-22,England,England,,M,Midfielder
522,502.0,Kenneth Monkou,Kenneth,Monkou,1964-11-29,Suriname,Netherlands,,D,Defender
176,41936.0,Neil Moore,Neil,Moore,1972-09-21,England,England,,D,Defender
1077,1236.0,Jaime Moreno,Jaime,Moreno,1974-01-19,Bolivia,Bolivia,,F,Forward
680,686.0,Steve Morgan,Steve,Morgan,1968-09-19,England,England,,D,Defender
1027,3426.0,Jody Morris,Jody,Morris,1978-12-22,England,England,4.0,M,Midfielder
7,41983.0,Steve Morrow,Steve,Morrow,1970-07-02,Northern Ireland,Northern Ireland,3.0,D,Defender
920,146108.0,Colin Murdock,Colin,Murdock,1975-07-02,Northern Ireland,Northern Ireland,,D,Defender
662,26554.0,Scott Murray,Scott,Murray,1974-05-26,Scotland,Scotland,7.0,M,Midfielder
363,3119.0,Robbie Mustoe,Robbie,Mustoe,1968-08-28,England,England,,M,Midfielder
102,2070.0,Andy Myers,Andy,Myers,1973-11-03,England,England,3.0,D,Defender
267,257.0,Jan Mølby,Jan,Mølby,1963-07-04,Denmark,Denmark,,M,Midfielder
143,138.0,Peter Ndlovu,Peter,Ndlovu,1973-02-25,Zimbabwe,Zimbabwe,,F,Forward
713,2791.0,Alan Neilson,Alan,Neilson,1972-09-26,Germany,Wales,,D,Defender
554,534.0,Stuart Nethercott,Stuart,Nethercott,1973-03-21,England,England,,D,Defender
86,41826.0,Mike Newell,Mike,Newell,1965-01-27,England,England,,F,Forward
601,579.0,Aidan Newhouse,Aidan,Newhouse,1972-05-23,England,England,,F,Forward
231,1261.0,Jon Newsome,Jon,Newsome,1970-09-06,England,England,,D,Defender
110,106.0,Eddie Newton,Eddie,Newton,1971-12-13,England,England,,M,Midfielder
1029,1165.0,Mark Nicholls,Mark,Nicholls,1977-05-30,England,England,,F,Forward
253,1260.0,Steve Nicol,Steve,Nicol,1961-12-11,Scotland,Scotland,,D,Defender
953,2310.0,Ian Nolan,Ian,Nolan,1970-07-09,England,Northern Ireland,,D,Defender
1041,1186.0,Jon O'Connor,Jon,O'Connor,1976-10-29,England,England,,M,Midfielder
1073,1230.0,Keith O'Halloran,Keith,O'Halloran,1975-11-10,Ireland,Ireland,,M,Midfielder
313,1653.0,John O'Kane,John,O'Kane,1974-11-15,England,England,,D,Defender
8,702.0,David O'Leary,David,O'Leary,1958-05-02,Ireland,Ireland,,D,Defender
34,3378.0,Michael Oakes,Michael,Oakes,1973-10-30,England,England,1.0,G,Goalkeeper
958,10841.0,Matt Oakley,Matt,Oakley,1977-08-17,England,England,16.0,M,Centre Central Midfielder
122,116.0,Steve Ogrizovic,Steve,Ogrizovic,1957-09-12,England,England,,G,Goalkeeper
1116,1291.0,Manny Omoyinmi,Manny,Omoyinmi,1977-12-28,Nigeria,England,,F,Forward
626,1315.0,Simon Osborn,Simon,Osborn,1972-01-19,England,England,,M,Midfielder
1021,1155.0,Mixu Paatelainen,Mixu,Paatelainen,1967-02-03,Finland,Finland,,F,Forward
320,1934.0,Gary Pallister,Gary,Pallister,1965-06-30,England,England,,D,Defender
497,2098.0,Carlton Palmer,Carlton,Palmer,1965-12-05,England,England,,D,Defender
317,1336.0,Paul Parker,Paul,Parker,1964-04-04,England,England,,D,Defender
1013,1137.0,Enzo Gambaro,Enzo,Gambaro,1966-02-23,Italy,Italy,,D,Defender
321,309.0,Gary Neville,Gary,Neville,1975-02-18,England,England,2.0,D,Right Full Back
919,1003.0,Maurizio Gaudino,Maurizio,Gaudino,1966-12-12,Germany,Germany,,M,Midfielder
809,848.0,Marcus Gayle,Marcus,Gayle,1970-09-27,Jamaica,Jamaica,,F,Forward
401,1901.0,Scot Gemmill,Scot,Gemmill,1971-01-02,Scotland,Scotland,,M,Midfielder
1066,146106.0,Paul Gibson,Paul,Gibson,1976-01-11,England,England,33.0,G,Goalkeeper
335,323.0,Ryan Giggs,Ryan,Giggs,1973-11-29,Wales,Wales,11.0,M,Left/Centre Central Midfielder
329,29676.0,Keith Gillespie,Keith,Gillespie,1975-02-18,Northern Ireland,Northern Ireland,,M,Midfielder
1083,2653.0,David Ginola,David,Ginola,1967-01-25,France,France,,F,Forward
851,55643.0,Shay Given,Shay,Given,1976-04-20,Ireland,Ireland,24.0,G,Goalkeeper
974,1074.0,Jon Goodman,Jon,Goodman,1971-06-02,England,Ireland,,F,Forward
1093,1258.0,Greg Goodridge,Greg,Goodridge,1971-07-10,Barbados,Barbados,,M,Midfielder
794,833.0,Dale Gordon,Dale,Gordon,1967-01-09,England,England,,M,Midfielder
123,1166.0,Jonathan Gould,Jonathan,Gould,1968-07-18,Scotland,Scotland,,G,Goalkeeper
685,2449.0,Tony Grant,Tony,Grant,1974-11-14,England,England,,M,Midfielder
1050,10123.0,Andy Gray,Andy,Gray,1977-11-15,Scotland,Scotland,10.0,F,Centre Striker
1016,41795.0,Scott Green,Scott,Green,1970-01-15,England,England,2.0,D,Defender
1064,1214.0,Chris Greenacre,Chris,Greenacre,1977-12-23,England,England,,F,Forward
251,1795.0,Bruce Grobbelaar,Bruce,Grobbelaar,1957-10-06,Zimbabwe,Zimbabwe,,G,Goalkeeper
1006,41878.0,Niklas Gudmundsson,Niklas,Gudmundsson,1972-02-29,Sweden,Sweden,,D,Defender
946,176890.0,Steve Guinan,Steve,Guinan,1975-12-24,England,England,19.0,F,Forward
1028,1164.0,Ruud Gullit,Ruud,Gullit,1962-09-01,Netherlands,Netherlands,,F,Forward
938,2443.0,Alf Inge Haaland,Alf Inge,Haaland,1972-11-23,Norway,Norway,,D,Defender
99,1472.0,Gareth Hall,Gareth,Hall,1969-03-20,England,Wales,,D,Defender
857,42028.0,Ritchie Hanlon,Ritchie,Hanlon,1978-05-26,England,England,,M,Midfielder
667,672.0,Paul Harford,Paul,Harford,1974-10-21,England,England,,D,Defender
508,2041.0,John Harkes,John,Harkes,1967-03-08,United States,United States,,M,Midfielder
254,244.0,Steve Harkness,Steve,Harkness,1971-08-27,England,England,,D,Defender
839,96200.0,Lee Harper,Lee,Harper,1971-10-30,England,England,1.0,G,Goalkeeper
1051,42026.0,Andrew Harris,Andrew,Harris,1977-02-26,England,England,,D,Defender
1045,10049.0,Ian Harte,Ian,Harte,1977-08-31,Ireland,Ireland,14.0,D,Left Full Back
844,278349.0,John Hartson,John,Hartson,1975-04-05,Wales,Wales,10.0,F,Forward
1127,1519.0,Mark Hateley,Mark,Hateley,1961-11-07,England,England,,F,Forward
628,1294.0,Paul Heald,Paul,Heald,1968-09-20,England,England,,G,Goalkeeper
28,41924.0,Neil Heaney,Neil,Heaney,1972-08-11,England,England,,F,Forward
841,892.0,Glenn Helder,Glenn,Helder,1968-10-28,Netherlands,Netherlands,,M,Midfielder
848,12990.0,Lee Hendrie,Lee,Hendrie,1977-05-18,England,England,,M,Midfielder
75,2604.0,Colin Hendry,Colin,Hendry,1965-12-07,Scotland,Scotland,,D,Defender
365,3266.0,Craig Hignett,Craig,Hignett,1970-01-12,England,England,,F,Forward
1056,1988.0,Scott Hiley,Scott,Hiley,1968-09-27,England,England,,D,Defender
292,41967.0,Andy Hill,Andy,Hill,1965-01-20,England,England,,D,Defender
18,41977.0,David Hillier,David,Hillier,1969-12-19,England,England,,M,Midfielder
1038,95689.0,John Hills,John,Hills,1978-04-21,England,England,,D,Defender
179,1726.0,Andy Hinchcliffe,Andy,Hinchcliffe,1969-02-05,England,England,,D,Defender
514,1749.0,David Hirst,David,Hirst,1967-12-07,England,England,,F,Forward
1080,2008.0,Shaka Hislop,Shaka,Hislop,1969-02-22,England,Trinidad & Tobago,,G,Goalkeeper
92,88.0,Kevin Hitchcock,Kevin,Hitchcock,1962-10-05,England,England,,G,Goalkeeper
968,1068.0,Lee Hodges,Lee,Hodges,1978-03-02,England,England,,M,Midfielder
603,1599.0,Dean Holdsworth,Dean,Holdsworth,1968-11-08,England,England,,F,Forward
716,41784.0,Chris Holland,Chris,Holland,1975-09-11,England,England,,M,Midfielder
446,428.0,Ian Holloway,Ian,Holloway,1963-03-12,England,England,,D,Defender
793,1857.0,Matt Holmes,Matt,Holmes,1969-08-01,England,England,,M,Midfielder
250,726.0,Mike Hooper,Mike,Hooper,1964-02-10,England,England,,G,Goalkeeper
1000,1120.0,Richard Hope,Richard,Hope,1978-06-22,England,England,,D,Defender
186,2177.0,Barry Horne,Barry,Horne,1962-05-18,Wales,Wales,,M,Midfielder
925,1184.0,Marc Hottiger,Marc,Hottiger,1967-11-07,Switzerland,Switzerland,2.0,D,Defender
560,1992.0,David Howells,David,Howells,1967-12-15,England,England,,M,Midfielder
714,3174.0,Steve Howey,Steve,Howey,1971-10-26,England,England,,D,Defender
1082,3684.0,Darren Huckerby,Darren,Huckerby,1976-04-23,England,England,6.0,F,Forward
842,3186.0,Stephen Hughes,Stephen,Hughes,1976-09-18,England,England,,M,Midfielder
1097,10516.0,Ritchie Humphreys,Ritchie,Humphreys,1977-11-30,England,England,25.0,M,Left Winger
137,131.0,Lee Hurst,Lee,Hurst,1970-09-21,England,England,,M,Midfielder
272,1067.0,Don Hutchison,Don,Hutchison,1971-05-09,Scotland,Scotland,,M,Midfielder
505,486.0,Graham Hyde,Graham,Hyde,1970-11-10,England,England,,M,Midfielder
1053,1202.0,Eike Immel,Eike,Immel,1960-11-27,Germany,Germany,,G,Goalkeeper
453,1915.0,Andy Impey,Andy,Impey,1971-09-30,England,England,2.0,M,Midfielder
955,1046.0,Klas Ingesson,Klas,Ingesson,1968-08-20,Sweden,Sweden,,M,Midfielder
698,713.0,Rae Ingram,Rae,Ingram,1974-12-06,England,England,,D,Defender
1089,1253.0,Richard Irving,Richard,Irving,1975-09-10,England,England,,F,Forward
315,3386.0,Denis Irwin,Denis,Irwin,1965-10-31,Ireland,Ireland,,D,Defender
1036,1177.0,Isaías,Isaias,Marques Soares,1963-11-17,Brazil,Brazil,,F,Forward
670,3475.0,Muzzy Izzet,Muzzy,Izzet,1974-10-31,England,Turkey,6.0,M,Midfielder
177,4052.0,Matt Jackson,Matt,Jackson,1971-10-19,England,England,4.0,D,Defender
252,55236.0,David James,David,James,1970-08-01,England,England,1.0,G,Goalkeeper
960,29919.0,Jamie Clapham,James,Clapham,1975-12-07,England,England,19.0,D,Defender
994,29875.0,Tommy Jaszczun,Tommy,Jaszczun,1977-09-16,England,England,15.0,M,Midfielder
512,41965.0,Nigel Jemson,Nigel,Jemson,1969-08-10,England,England,,F,Forward
17,145641.0,John Jensen,John,Jensen,1965-05-03,Denmark,Denmark,,M,Midfielder
1034,2528.0,Eoin Jess,Eoin,Jess,1970-12-13,Scotland,Scotland,,M,Midfielder
909,96052.0,Julian Joachim,Julian,Joachim,1974-09-20,England,England,,F,Forward
425,2543.0,Richard Jobson,Richard,Jobson,1963-05-09,England,England,,D,Defender
101,97.0,Erland Johnsen,Erland,Johnsen,1967-04-05,Norway,Norway,,D,Defender
849,2276.0,Tommy Johnson,Tommy,Johnson,1971-01-15,England,England,,F,Forward
261,2289.0,Rob Jones,Rob,Jones,1971-11-05,England,England,,D,Defender
1122,26416.0,Marc Joseph,Marc,Joseph,1976-11-10,Antigua & Barbuda,Antigua & Barbuda,,D,Defender
1072,1228.0,Juninho Paulista,Osvaldo,Giroldo Júnior,1973-02-22,Brazil,Brazil,,M,Midfielder
324,3127.0,Andrei Kanchelskis,Andrei,Kanchelskis,1969-01-23,Russia,Russia,,F,Forward
358,26864.0,Graham Kavanagh,Graham,Kavanagh,1973-12-02,Ireland,Ireland,8.0,M,Midfielder
1061,1211.0,Mikhail Kavelashvili,Mikhail,Kavelashvili,1971-07-22,Georgia,Georgia,,M,Midfielder
407,119241.0,Roy Keane,Roy,Keane,1971-08-10,Ireland,Ireland,16.0,M,Midfielder
171,123757.0,Jason Kearton,Jason,Kearton,1969-07-09,Australia,Australia,,G,Goalkeeper
694,704.0,Gary Kelly,Gary,Kelly,1974-07-09,Ireland,Ireland,2.0,D,Defender
524,2822.0,Jeff Kenna,Jeff,Kenna,1970-08-27,Ireland,Ireland,,D,Defender
916,27849.0,Mark Kennedy,Mark,Kennedy,1976-05-15,Ireland,Ireland,39.0,D,Defender
14,110016.0,Martin Keown,Martin,Keown,1966-07-24,England,England,,D,Centre Central Defender
352,712.0,Alan Kernaghan,Alan,Kernaghan,1967-04-25,England,Ireland,,D,Defender
298,287.0,David Kerr,David,Kerr,1974-09-06,Scotland,Scotland,,M,Midfielder
230,42163.0,David Kerslake,David,Kerslake,1966-06-19,England,England,,D,Defender
1049,99163.0,Harry Kewell,Harry,Kewell,1978-09-22,Australia,Australia,99.0,M,Left/Right Winger
494,28684.0,Lance Key,Lance,Key,1968-05-17,England,England,,G,Goalkeeper
723,744.0,Lee Clark,Lee,Clark,1972-10-27,England,England,21.0,M,Midfielder
659,42029.0,Adrian Clarke,Adrian,Clarke,1974-09-28,England,England,,M,Midfielder
1067,1218.0,Michael Clegg,Michael,Clegg,1977-07-03,England,England,,D,Defender
961,98165.0,Stephen Clemence,Stephen,Clemence,1978-03-31,England,England,14.0,M,Midfielder
411,1796.0,Nigel Clough,Nigel,Clough,1966-03-19,England,England,,M,Midfielder
725,4848.0,Andrew Cole,Andrew,Cole,1971-10-15,England,England,20.0,F,Forward
152,1119.0,Chris Coleman,Chris,Coleman,1970-06-10,Wales,Wales,,D,Defender
94,176819.0,Nick Colgan,Nick,Colgan,1973-09-19,Ireland,Ireland,,G,Goalkeeper
627,2531.0,Stan Collymore,Stan,Collymore,1971-01-22,England,England,,F,Forward
862,924.0,Paul Cook,Paul,Cook,1967-02-22,England,England,,M,Midfielder
923,2448.0,Terry Cooke,Terry,Cooke,1976-08-05,England,England,,M,Midfielder
937,1933.0,Colin Cooper,Colin,Cooper,1967-02-28,England,England,,D,Defender
279,1467.0,Tony Coton,Tony,Coton,1961-05-19,England,England,,G,Goalkeeper
193,1687.0,Tony Cottee,Tony,Cottee,1965-07-11,England,England,,F,Forward
1002,28852.0,Graham Coughlan,Graham,Coughlan,1974-11-18,Ireland,Ireland,5.0,D,Defender
693,703.0,Andrew Couzens,Andrew,Couzens,1975-06-04,England,England,,D,Defender
665,42054.0,Steve Cowe,Steve,Cowe,1974-09-29,Scotland,Scotland,,F,Forward
40,2233.0,Neil Cox,Neil,Cox,1971-10-08,England,England,5.0,D,Defender
1120,1298.0,Owen Coyle,Owen,Coyle,1966-07-14,Scotland,Ireland,,F,Forward
1110,1282.0,Chris Coyne,Chris,Coyne,1978-12-20,Australia,Australia,,D,Defender
940,27498.0,Craig Armstrong,Steven Craig,Armstrong,1975-05-23,England,England,6.0,D,Defender
927,1014.0,Jimmy Crawford,Jimmy,Crawford,1973-05-01,England,England,,M,Midfielder
1063,42131.0,Gerry Creaney,Gerry,Creaney,1970-04-13,Scotland,Scotland,,F,Forward
999,2378.0,Gary Croft,Gary,Croft,1974-02-17,England,England,,D,Defender
917,41900.0,Lee Crooks,Lee,Crooks,1978-01-14,England,England,2.0,D,Defender
394,26950.0,Mark Crossley,Mark,Crossley,1969-06-16,Wales,Wales,26.0,G,Goalkeeper
1065,1216.0,Nick Culkin,Nick,Culkin,1978-07-06,England,England,,G,Goalkeeper
547,41877.0,Jason Cundy,Jason,Cundy,1969-11-12,England,England,,D,Defender
972,2828.0,Kenny Cunningham,Kenny,Cunningham,1971-06-28,Ireland,Ireland,4.0,D,Defender
1020,1633.0,Sasa Curcic,Sasa,Curcic,1972-02-14,Serbia,Serbia,,M,Midfielder
282,42082.0,Keith Curle,Keith,Curle,1963-11-14,England,England,,D,Defender
797,176775.0,Darren Currie,Darren,Currie,1974-11-29,England,England,,M,Midfielder
1123,178581.0,Neil Cutler,Neil,Cutler,1976-09-03,England,England,,G,Goalkeeper
1031,1170.0,Liam Daish,Liam,Daish,1968-09-23,Scotland,Scotland,,D,Defender
1117,1292.0,Dani,Daniel,Da Cruz Carvalho,1976-11-02,Portugal,Portugal,,F,Forward
91,15180.0,Dave Beasant,Dave,Beasant,1959-03-20,England,England,39.0,G,Goalkeeper
333,42128.0,Simon Davies,Simon,Davies,1974-04-23,England,Wales,,M,Midfielder
21,21.0,Paul Davis,Paul,Davis,1961-12-09,England,England,,M,Midfielder
1009,2064.0,Aidan Davison,Aidan,Davison,1968-05-11,Northern Ireland,Northern Ireland,,G,Goalkeeper
1025,1159.0,Fabian De Freitas,Fabian,De Freitas,1972-07-28,Suriname,Netherlands,,F,Forward
488,2713.0,Brian Deane,Brian,Deane,1968-02-07,England,England,,F,Forward
1101,1268.0,Marc Degryse,Marc,Degryse,1965-09-04,Belgium,Belgium,,F,Forward
280,269.0,Andy Dibble,Andy,Dibble,1965-05-08,England,England,,G,Goalkeeper
742,3093.0,Danny Dichio,Danny,Dichio,1974-10-19,England,England,,F,Forward
27,28435.0,Paul Dickov,Paul,Dickov,1972-11-01,Scotland,Scotland,,F,Forward
696,888.0,Julian Dicks,Julian,Dicks,1968-08-08,England,England,,D,Defender
13,13.0,Lee Dixon,Lee,Dixon,1964-03-17,England,England,,D,Defender
528,508.0,Jason Dodd,Jason,Dodd,1970-11-02,England,England,2.0,D,Defender
956,1048.0,O'Neill Donaldson,O'Neill,Donaldson,1969-11-24,England,England,,F,Forward
229,1884.0,Tony Dorigo,Tony,Dorigo,1965-12-31,Australia,England,,D,Defender
668,675.0,Andy Dow,Andy,Dow,1973-02-07,Scotland,Scotland,,D,Defender
538,1293.0,Iain Dowie,Iain,Dowie,1965-01-09,England,Northern Ireland,,F,Forward
212,813.0,Jason Dozzell,Jason,Dozzell,1967-12-09,England,England,,M,Midfielder
903,2493.0,Mark Draper,Mark,Draper,1970-11-11,England,England,,M,Midfielder
669,177233.0,Michael Duberry,Michael,Duberry,1975-10-14,England,England,5.0,D,Defender
338,1823.0,Dion Dublin,Dion,Dublin,1969-04-22,England,England,,F,Forward
1004,124533.0,Damien Duff,Damien,Duff,1979-03-02,Ireland,Ireland,11.0,M,Left Winger
962,1289.0,Ilie Dumitrescu,Ilie,Dumitrescu,1969-01-06,Romania,Romania,,M,Midfielder
598,576.0,Robbie Earle,Robbie,Earle,1965-01-27,Jamaica,Jamaica,,M,Midfielder
192,42012.0,John Ebbrell,John,Ebbrell,1969-10-01,England,England,,D,Defender
290,41901.0,Richard Edghill,Richard,Edghill,1974-09-23,England,England,3.0,D,Defender
551,531.0,Justin Edinburgh,Justin,Edinburgh,1969-12-18,England,England,,D,Defender
35,2472.0,Ugo Ehiogu,Ugo,Ehiogu,1972-11-03,England,England,,D,Defender
959,1172.0,Ronnie Ekelund,Ronnie,Ekelund,1972-08-21,Denmark,Denmark,,M,Midfielder
389,1075.0,Efan Ekoku,Efan,Ekoku,1967-06-08,Nigeria,Nigeria,,F,Forward
596,574.0,Gary Elkins,Gary,Elkins,1966-05-04,England,England,,M,Midfielder
1081,1241.0,Stuart Elliott,Stuart,Elliott,1977-08-27,England,England,,D,Defender
1118,178101.0,Jason Euell,Jason,Euell,1977-02-06,England,Jamaica,29.0,F,Forward
1044,42107.0,Paul Evans,Paul,Evans,1973-12-28,South Africa,South Africa,,G,Goalkeeper
234,41798.0,Chris Fairclough,Chris,Fairclough,1964-04-12,England,England,6.0,D,Defender
49,47.0,David Farrell,David,Farrell,1971-11-11,England,England,,M,Midfielder
45,2617.0,Gareth Farrelly,Gareth,Farrelly,1975-08-28,Ireland,Ireland,,M,Midfielder
604,903.0,John Fashanu,John,Fashanu,1962-09-18,England,England,,F,Forward
592,570.0,Peter Fear,Peter,Fear,1973-09-10,England,England,,D,Defender
1105,1277.0,Neale Fenn,Neale,Fenn,1977-01-18,Ireland,Ireland,,F,Forward
57,1688.0,Graham Fenton,Graham,Fenton,1974-05-22,England,England,,F,Forward
462,3754.0,Les Ferdinand,Les,Ferdinand,1966-12-08,England,England,,F,Forward
877,948.0,Duncan Ferguson,Duncan,Ferguson,1971-12-27,Scotland,Scotland,9.0,F,Forward
1086,2278.0,Alan Fettis,Alan,Fettis,1971-02-01,Northern Ireland,Northern Ireland,,G,Goalkeeper
859,4043.0,John Filan,John,Filan,1970-02-08,Australia,Australia,1.0,G,Goalkeeper
1108,1280.0,Neil Finn,Neil,Finn,1978-12-29,England,England,,G,Goalkeeper
591,569.0,Scott Fitzgerald,Scott,Fitzgerald,1969-08-13,England,England,,D,Defender
773,1566.0,Jan Åge Fjørtoft,Jan Åge,Fjørtoft,1967-01-10,Norway,Norway,,F,Forward
16,16.0,Mark Flatts,Mark,Flatts,1972-10-14,England,England,,M,Midfielder
119,41947.0,Robert Fleck,Robert,Fleck,1965-08-11,Scotland,Scotland,,F,Forward
349,335.0,Curtis Fleming,Curtis,Fleming,1968-10-08,England,Ireland,,D,Defender
300,1126.0,Garry Flitcroft,Garry,Flitcroft,1972-11-06,England,England,,M,Midfielder
519,3123.0,Tim Flowers,Tim,Flowers,1967-02-03,England,England,,G,Goalkeeper
695,145934.0,Mark Ford,Mark,Ford,1975-10-10,England,England,22.0,M,Midfielder
247,42125.0,Jamie Forrester,Jamie,Forrester,1974-11-01,England,England,,F,Forward
887,962.0,Martin Foster,Martin,Foster,1977-10-29,England,England,,M,Midfielder
277,55008.0,Robbie Fowler,Robbie,Fowler,1975-04-09,England,England,27.0,F,Forward
388,1275.0,Ruel Fox,Ruel,Fox,1968-01-14,England,Montserrat,,F,Forward
1060,41910.0,Nathan Freeman,Nathan,Freeman,1977-08-05,England,England,,M,Midfielder
1078,1238.0,Chris Freestone,Chris,Freestone,1971-04-09,England,England,,F,Forward
1054,1203.0,Michael Frontzeck,Michael,Frontzeck,1964-03-26,Germany,Germany,,D,Defender
858,27896.0,Paul Furlong,Paul,Furlong,1968-10-01,England,England,9.0,F,Forward
786,907.0,Tony Gale,Tony,Gale,1959-11-19,England,England,,D,Defender
87,2176.0,Kevin Gallacher,Kevin,Gallacher,1966-11-23,Scotland,Scotland,,F,Forward
951,29445.0,Kevin Gallen,Kevin,Gallen,1975-09-21,England,England,,F,Forward
180,41775.0,Gary Ablett,Gary,Ablett,1965-11-19,England,England,,D,Defender
3,3.0,Tony Adams,Tony,Adams,1966-10-10,England,England,,D,Defender
924,1010.0,Philippe Albert,Philippe,Albert,1967-08-10,Belgium,Belgium,,D,Defender
526,506.0,Derek Allan,Derek,Allan,1974-12-24,Scotland,Scotland,,D,Defender
1040,1183.0,Graham Allen,Graham,Allen,1977-04-08,England,England,,D,Defender
876,947.0,Daniel Amokachi,Daniel,Amokachi,1972-12-30,Nigeria,Nigeria,,F,Forward
566,3471.0,Darren Anderton,Darren,Anderton,1972-03-03,England,England,,M,Midfielder
600,578.0,Neal Ardley,Neal,Ardley,1972-09-01,England,England,,M,Midfielder
167,2864.0,Chris Armstrong,Chris,Armstrong,1971-06-19,England,England,,F,Forward
1084,1247.0,Faustino Asprilla,Faustino,Asprilla,1969-11-10,Colombia,Colombia,,F,Forward
125,2311.0,Peter Atherton,Peter,Atherton,1970-04-06,England,England,2.0,D,Defender
83,42090.0,Mark Atkins,Mark,Atkins,1968-09-14,England,England,,M,Midfielder
555,535.0,Dean Austin,Dean,Austin,1970-04-26,England,England,,D,Defender
128,3032.0,Phil Babb,Phil,Babb,1970-11-30,Ireland,Ireland,,D,Defender
447,429.0,David Bardsley,David,Bardsley,1964-09-11,England,England,,D,Defender
460,442.0,Simon Barker,Simon,Barker,1964-11-04,England,England,,M,Midfielder
195,762.0,Stuart Barlow,Stuart,Barlow,1968-07-16,England,England,,F,Forward
569,4977.0,Nick Barmby,Nick,Barmby,1974-02-11,England,England,18.0,M,Centre Central Midfielder
98,1557.0,Darren Barnard,Darren,Barnard,1971-11-30,Germany,Wales,,D,Defender
269,1848.0,John Barnes,John,Barnes,1963-11-07,Jamaica,England,,M,Midfielder
104,28003.0,Anthony Barness,Anthony,Barness,1973-02-25,England,England,,D,Defender
863,927.0,Jamie Barnwell,Jamie,Barnwell,1975-12-26,England,England,,F,Forward
38,1725.0,Earl Barrett,Earl,Barrett,1967-04-28,England,England,,D,Defender
351,337.0,Michael Barron,Michael,Barron,1974-12-22,England,England,,D,Defender
509,2631.0,Chris Bart-Williams,Chris,Bart-Williams,1974-06-16,England,England,,M,Midfielder
590,2644.0,Warren Barton,Warren,Barton,1969-03-19,England,England,2.0,D,Defender
838,42166.0,Vince Bartram,Vince,Bartram,1968-08-07,England,England,,G,Goalkeeper
243,234.0,David Batty,David,Batty,1968-12-02,England,England,,M,Midfielder
187,25937.0,Peter Beagrie,Peter,Beagrie,1965-11-28,England,England,,,
194,1600.0,Peter Beardsley,Peter,Beardsley,1961-01-18,England,England,,F,Forward
1005,9736.0,James Beattie,James,Beattie,1978-02-27,England,England,21.0,F,Centre Striker
331,114179.0,David Beckham,David,Beckham,1975-05-02,England,England,32.0,M,Centre/Right Central Midfielder
226,217.0,Mark Beeney,Mark,Beeney,1967-12-30,England,England,,G,Goalkeeper
471,41897.0,Paul Beesley,Paul,Beesley,1965-07-21,England,England,,D,Defender
990,175777.0,Ben Smith,Benjamin,Smith,1978-11-23,England,England,,M,Midfielder
327,146126.0,Ben Thornley,Benjamin,Thornley,1975-04-21,England,England,23.0,M,Midfielder
523,503.0,Francis Benali,Francis,Benali,1968-12-30,England,England,,D,Defender
760,790.0,Frankie Bennett,Frankie,Bennett,1969-01-13,England,England,,F,Forward
710,1741.0,John Beresford,John,Beresford,1966-09-04,England,England,,D,Defender
74,279141.0,Henning Berg,Henning,Berg,1969-09-01,Norway,Norway,,D,Defender
991,1107.0,Dennis Bergkamp,Dennis,Bergkamp,1969-05-10,Netherlands,Netherlands,10.0,F,Forward
548,1142.0,Gudni Bergsson,Gudni,Bergsson,1965-07-21,Iceland,Iceland,,D,Defender
1112,1652.0,Slaven Bilic,Slaven,Bilic,1968-09-11,Croatia,Croatia,,D,Defender
795,2542.0,Ian Bishop,Ian,Bishop,1965-05-29,England,England,,M,Midfielder
260,2580.0,Stig Inge Bjornebye,Stig Inge,Bjornebye,1969-12-11,Norway,Norway,,D,Defender
408,392.0,Kingsley Black,Kingsley,Black,1968-06-22,Northern Ireland,Northern Ireland,,M,Midfielder
325,1234.0,Clayton Blackmore,Clayton,Blackmore,1964-09-23,Wales,Wales,,M,Midfielder
589,567.0,Dean Blackwell,Dean,Blackwell,1969-12-05,England,England,,D,Defender
745,3409.0,Nathan Blake,Nathan,Blake,1972-01-27,Wales,Wales,,F,Forward
400,42002.0,Steve Blatherwick,Steve,Blatherwick,1973-09-20,England,England,,D,Defender
1098,1265.0,Regi Blinker,Regi,Blinker,1969-06-04,Suriname,Netherlands,,M,Midfielder
810,849.0,Gary Blissett,Gary,Blissett,1964-06-26,England,England,,F,Forward
1048,145935.0,Jason Blunt,Jason,Blunt,1977-08-16,England,England,24.0,M,Midfielder
403,42130.0,Bobby Howe,Stephen,Howe,1973-11-06,England,England,,M,Midfielder
805,42031.0,Jeroen Boere,Jeroen,Boere,1967-11-18,Netherlands,Netherlands,,F,Forward
942,1645.0,Lars Bohinen,Lars,Bohinen,1969-09-08,Norway,Norway,,M,Midfielder
136,95963.0,Willie Boland,Willie,Boland,1975-08-06,Ireland,Ireland,,M,Midfielder
1115,1290.0,Marco Boogers,Marco,Boogers,1967-01-12,Netherlands,Netherlands,,F,Forward
130,124.0,Brian Borrows,Brian,Borrows,1960-12-20,England,England,,D,Defender
32,2329.0,Mark Bosnich,Mark,Bosnich,1972-01-13,Australia,Australia,,G,Goalkeeper
9,2192.0,Steve Bould,Steve,Bould,1962-11-16,England,England,,D,Defender
227,218.0,Rob Bowman,Rob,Bowman,1975-11-21,England,England,,D,Defender
779,1951.0,Garry Brady,Garry,Brady,1976-09-07,Scotland,Scotland,,M,Midfielder
1008,2372.0,Keith Branagan,Keith,Branagan,1966-07-10,England,Ireland,,G,Goalkeeper
1043,1188.0,Paul Michael Branch,Paul Michael,Branch,1978-10-18,England,England,,F,Forward
1074,1232.0,Branco,Claudio,Ibrahim Vaz Leal,1964-04-04,Brazil,Brazil,,M,Midfielder
1085,94995.0,Paul Brayson,Paul,Brayson,1977-09-16,England,England,,F,Forward
950,1041.0,Matthew Brazier,Matthew,Brazier,1976-07-02,England,England,,M,Midfielder
789,827.0,Tim Breacker,Tim,Breacker,1965-07-02,England,England,,D,Defender
445,3102.0,Rufus Brevett,Rufus,Brevett,1969-09-24,England,England,,D,Defender
513,2028.0,Mark Bright,Mark,Bright,1962-06-06,England,England,,F,Forward
285,1875.0,Ian Brightwell,Ian,Brightwell,1968-04-09,England,England,,D,Defender
749,776.0,Lee Briscoe,Lee,Briscoe,1975-09-30,England,England,,D,Defender
1124,1785.0,Thomas Brolin,Thomas,Brolin,1969-11-29,Sweden,Sweden,,F,Forward
852,97465.0,Marlon Broomes,Marlon,Broomes,1977-11-28,England,England,4.0,D,Defender
918,15019.0,Michael Brown,Michael,Brown,1977-01-25,England,England,17.0,M,Centre Central Midfielder
661,663.0,Paul Browne,Paul,Browne,1975-02-17,Scotland,Scotland,,D,Defender
319,41779.0,Steve Bruce,Steve,Bruce,1960-12-31,England,England,,D,Defender
945,1036.0,Gary Bull,Gary,Bull,1966-06-12,England,England,,F,Striker
109,2110.0,Craig Burley,Craig,Burley,1971-09-24,Scotland,Scotland,,M,Midfielder
82,41869.0,Wayne Burnett,Wayne,Burnett,1971-09-04,England,England,,M,Midfielder
256,919.0,David Burrows,David,Burrows,1968-10-25,England,England,,D,Defender
127,121.0,David Busst,David,Busst,1967-06-30,Scotland,Scotland,,D,Defender
332,3805.0,Nicky Butt,Nicky,Butt,1975-01-21,England,England,20.0,M,Midfielder
663,12394.0,Darren Byfield,Darren,Byfield,1976-09-29,Jamaica,Jamaica,10.0,F,Forward
775,1814.0,Colin Calderwood,Colin,Calderwood,1965-01-20,Scotland,Scotland,,D,Defender
1076,1235.0,Andy Campbell,Andy,Campbell,1979-04-18,England,England,,F,Forward
342,330.0,Eric Cantona,Eric,Cantona,1966-05-24,France,France,7.0,F,Forward
491,1783.0,Franz Carr,Franz,Carr,1966-09-24,England,England,,F,Forward
915,143184.0,Jamie Carragher,Jamie,Carragher,1978-01-28,England,England,23.0,D,Defender
565,16612.0,Darren Caskey,Darren,Caskey,1974-08-21,England,England,20.0,M,Midfielder
318,306.0,Chris Casper,Chris,Casper,1975-04-28,England,England,,D,Defender
808,847.0,Stewart Castledine,Stewart,Castledine,1973-01-22,England,England,,M,Midfielder
948,98023.0,Trevor Challis,Trevor,Challis,1975-10-23,England,England,,D,Defender
246,26053.0,Lee Chapman,Lee,Chapman,1959-12-05,England,England,,,
396,2256.0,Gary Charles,Gary,Charles,1970-04-13,England,England,,D,Defender
755,3665.0,Simon Charlton,Simon,Charlton,1971-10-25,England,England,16.0,D,Defender
265,146017.0,Phil Charnock,Phil,Charnock,1975-02-14,England,England,18.0,M,Midfielder
398,382.0,Steve Chettle,Steve,Chettle,1968-09-27,England,England,,D,Defender
1035,20542.0,Iyseden Christie,Iyseden,Christie,1976-11-14,England,England,,F,Forward
