id,playerId,Display Name,First Name,Last Name,Birth Date,Birth Place,National Team,Shirt Num,Position,Position Info
1305,1542.0,Christopher Wreh,Christopher,Wreh,1975-05-14,Liberia,Liberia,,F,Forward
72,27467.0,Alan Wright,Alan,Wright,1971-09-28,England,England,3.0,D,Defender
59,4762.0,Dwight Yorke,Dwight,Yorke,1971-11-03,Trinidad & Tobago,Trinidad & Tobago,19.0,M,Midfielder
207,2026.0,Eddie Youds,Eddie,Youds,1970-05-03,England,England,,D,Defender
1464,6078.0,Luke Young,Luke,Young,1979-07-19,England,England,21.0,D,Left/Right Full Back
1417,278163.0,Theo Zagorakis,Theo,Zagorakis,1971-10-27,Greece,Greece,6.0,M,Midfielder
1151,1342.0,Gianfranco Zola,Gianfranco,Zola,1966-07-05,Italy,Italy,,F,Forward
1574,1922.0,Jean Michel Ferri,Jean Michel,Ferri,1969-02-07,France,France,,M,Midfielder
1222,1430.0,Gianluca Festa,Gianluca,Festa,1969-03-15,Italy,Italy,,D,Defender
1086,25914.0,Alan Fettis,Alan,Fettis,1971-02-01,Northern Ireland,Northern Ireland,,,
859,4043.0,John Filan,John,Filan,1970-02-08,Australia,Australia,1.0,G,Goalkeeper
349,335.0,Curtis Fleming,Curtis,Fleming,1968-10-08,England,Ireland,,D,Defender
300,1126.0,Garry Flitcroft,Garry,Flitcroft,1972-11-06,England,England,,M,Midfielder
519,3123.0,Tim Flowers,Tim,Flowers,1967-02-03,England,England,,G,Goalkeeper
1635,2968.0,Marc Vivien Foe,Marc Vivien,Foe,1975-05-01,Cameroon,Cameroon,,M,Midfielder
200,1759.0,Craig Forrest,Craig,Forrest,1967-09-20,Canada,Canada,,G,Goalkeeper
1538,122231.0,Mikael Forssell,Mikael,Forssell,1981-03-15,Germany,Finland,,F,Forward
277,55008.0,Robbie Fowler,Robbie,Fowler,1975-04-09,England,England,27.0,F,Forward
388,1275.0,Ruel Fox,Ruel,Fox,1968-01-14,England,Montserrat,,F,Forward
1476,4390.0,Damien Francis,Damien,Francis,1979-02-27,Jamaica,Jamaica,7.0,M,Midfielder
466,97141.0,Dougie Freedman,Dougie,Freedman,1974-05-25,Scotland,Scotland,16.0,F,Forward
1628,3255.0,Steffen Freund,Steffen,Freund,1970-01-19,Germany,Germany,,M,Midfielder
1420,6178.0,Brad Friedel,Brad,Friedel,1971-05-18,United States,United States,24.0,G,Goalkeeper
46,1878.0,Stephen Froggatt,Stephen,Froggatt,1973-03-09,England,England,,M,Midfielder
1467,27134.0,Peter Gain,Peter,Gain,1976-11-11,Ireland,Ireland,33.0,M,Midfielder
87,2176.0,Kevin Gallacher,Kevin,Gallacher,1966-11-23,Scotland,Scotland,,F,Forward
1129,1321.0,Remi Garde,Remi,Garde,1966-04-03,France,France,,D,Defender
321,309.0,Gary Neville,Gary,Neville,1975-02-18,England,England,2.0,D,Right Full Back
1586,2366.0,Paul Gascoigne,Paul,Gascoigne,1967-05-27,England,England,,M,Midfielder
1220,174821.0,Jason Gavin,Jason,Gavin,1980-03-14,Ireland,Ireland,18.0,D,Defender
809,848.0,Marcus Gayle,Marcus,Gayle,1970-09-27,Jamaica,Jamaica,,F,Forward
401,1901.0,Scot Gemmill,Scot,Gemmill,1971-01-02,Scotland,Scotland,,M,Midfielder
1594,278971.0,Georgios Charalambos Georgiadis,Georgios Charalambos,Georgiadis,1972-03-08,Greece,Greece,,M,Midfielder
416,177200.0,Paul Gerrard,Paul,Gerrard,1973-01-22,England,England,28.0,G,Goalkeeper
1462,1747.0,Kevin Gibbens,Kevin,Gibbens,1979-11-04,England,England,,M,Midfielder
1066,146106.0,Paul Gibson,Paul,Gibson,1976-01-11,England,England,33.0,G,Goalkeeper
335,323.0,Ryan Giggs,Ryan,Giggs,1973-11-29,Wales,Wales,11.0,M,Left/Centre Central Midfielder
329,29676.0,Keith Gillespie,Keith,Gillespie,1975-02-18,Northern Ireland,Northern Ireland,,M,Midfielder
1083,2653.0,David Ginola,David,Ginola,1967-01-25,France,France,,F,Forward
1544,1882.0,Stefano Gioacchini,Stefano,Gioacchini,1976-11-25,Italy,Italy,,F,Forward
851,57620.0,Shay Given,Shay,Given,1976-04-20,Ireland,Ireland,24.0,G,Goalkeeper
1593,1950.0,Stephen Glass,Stephen,Glass,1976-05-23,Scotland,Scotland,,M,Midfielder
1536,2674.0,Bjarne Goldbæk,Bjarne,Goldbæk,1968-10-06,Denmark,Denmark,,M,Midfielder
974,1074.0,Jon Goodman,Jon,Goodman,1971-06-02,England,Ireland,,F,Forward
151,1932.0,Dean Gordon,Dean,Gordon,1973-02-10,England,England,,D,Defender
1605,2117.0,Richard Gough,Richard,Gough,1962-04-05,Sweden,Scotland,,D,Defender
685,2449.0,Tony Grant,Tony,Grant,1974-11-14,England,England,,M,Midfielder
1144,3534.0,Danny Granville,Danny,Granville,1975-01-19,England,England,3.0,D,Defender
1133,13582.0,Julian Gray,Julian,Gray,1979-09-21,England,England,27.0,M,Midfielder
897,2587.0,Simon Grayson,Simon,Grayson,1969-12-16,England,England,6.0,D,Defender
1429,20496.0,Jonathan Greening,Jonathan,Greening,1979-01-02,England,England,30.0,M,Midfielder
1437,13058.0,Andy Griffin,Andy,Griffin,1979-03-17,England,England,,D,Right Full Back
1297,1534.0,Gilles Grimandi,Gilles,Grimandi,1970-11-11,France,France,,D,Defender
1493,1803.0,David Grondin,David,Grondin,1980-05-08,France,France,,D,Defender
946,176890.0,Steve Guinan,Steve,Guinan,1975-12-24,England,England,19.0,F,Forward
1647,2037.0,Stephane Guivarc'h,Stephane,Guivarc'h,1970-09-06,France,France,,F,Forward
1349,1916.0,Arnar Gunnlaugsson,Arnar,Gunnlaugsson,1973-03-06,Iceland,Iceland,,F,Forward
1201,279326.0,Steve Guppy,Steve,Guppy,1969-03-29,England,England,,M,Midfielder
938,2443.0,Alf Inge Haaland,Alf Inge,Haaland,1972-11-23,Norway,Norway,,D,Defender
860,29995.0,Marcus Hall,Marcus,Hall,1976-03-24,England,England,3.0,D,Left Full Back
423,2069.0,Gunnar Halle,Gunnar,Halle,1965-08-11,Norway,Norway,,D,Defender
1595,29970.0,Dietmar Hamann,Dietmar,Hamann,1973-08-27,Germany,Germany,16.0,M,Midfielder
1231,1439.0,Des Hamilton,Des,Hamilton,1976-08-15,England,England,,M,Midfielder
1609,11053.0,Marlon Harewood,Marlon,Harewood,1979-08-25,England,England,9.0,F,Centre Striker
508,2041.0,John Harkes,John,Harkes,1967-03-08,United States,United States,,M,Midfielder
254,244.0,Steve Harkness,Steve,Harkness,1971-08-27,England,England,,D,Defender
1147,178573.0,Jon Harley,Jon,Harley,1979-09-26,England,England,,D,Defender
1550,3760.0,Kevin Harper,Kevin,Harper,1976-01-15,England,Scotland,,M,Midfielder
1223,1431.0,Craig Harrison,Craig,Harrison,1977-11-10,England,England,,D,Defender
1045,10049.0,Ian Harte,Ian,Harte,1977-08-31,Ireland,Ireland,14.0,D,Left Full Back
844,278349.0,John Hartson,John,Hartson,1975-04-05,Wales,Wales,10.0,F,Forward
1612,27640.0,Steven Haslam,Steven,Haslam,1979-09-06,England,England,16.0,D,Defender
1413,4165.0,Jimmy Floyd Hasselbaink,Jimmy Floyd,Hasselbaink,1972-03-27,Suriname,Netherlands,18.0,F,Forward
1363,1614.0,Simon Haworth,Simon,Haworth,1977-03-30,England,England,,F,Forward
628,1294.0,Paul Heald,Paul,Heald,1968-09-20,England,England,,G,Goalkeeper
1358,4166.0,Magnus Hedman,Magnus,Hedman,1973-03-19,Sweden,Sweden,22.0,G,Goalkeeper
1573,1921.0,Vegard Heggem,Vegard,Heggem,1975-07-13,Norway,Norway,17.0,D,Defender
1335,1580.0,Stéphane Henchoz,Stéphane,Henchoz,1974-09-07,Switzerland,Switzerland,16.0,D,Defender
848,12990.0,Lee Hendrie,Lee,Hendrie,1977-05-18,England,England,,M,Midfielder
908,14283.0,Emile Heskey,Emile,Heskey,1978-01-11,England,England,19.0,F,Centre Striker
1405,1668.0,Martin Hiden,Martin,Hiden,1973-03-11,Austria,Austria,,D,Defender
1426,13840.0,Danny Higginbotham,Danny,Higginbotham,1978-12-29,England,Gibraltar,4.0,D,Defender
1056,1988.0,Scott Hiley,Scott,Hiley,1968-09-27,England,England,,D,Defender
179,1726.0,Andy Hinchcliffe,Andy,Hinchcliffe,1969-02-05,England,England,,D,Defender
514,1749.0,David Hirst,David,Hirst,1967-12-07,England,England,,F,Forward
1080,2008.0,Shaka Hislop,Shaka,Hislop,1969-02-22,England,Trinidad & Tobago,,G,Goalkeeper
92,88.0,Kevin Hitchcock,Kevin,Hitchcock,1962-10-05,England,England,,G,Goalkeeper
1602,1963.0,Jon Olav Hjelde,Jon Olav,Hjelde,1972-07-30,Norway,Norway,,D,Defender
480,2042.0,Glyn Hodges,Glyn,Hodges,1963-04-30,England,Wales,,M,Midfielder
1638,2021.0,Gavin Holligan,Gavin,Holligan,1980-06-13,England,England,,F,Forward
793,1857.0,Matt Holmes,Matt,Holmes,1969-08-01,England,England,,M,Midfielder
108,2530.0,David Hopkin,David,Hopkin,1970-08-21,Scotland,Scotland,,M,Midfielder
890,27734.0,Russell Hoult,Russell,Hoult,1972-11-22,England,England,38.0,G,Goalkeeper
560,1992.0,David Howells,David,Howells,1967-12-15,England,England,,M,Midfielder
714,3174.0,Steve Howey,Steve,Howey,1971-10-26,England,England,,D,Defender
1082,3684.0,Darren Huckerby,Darren,Huckerby,1976-04-23,England,England,6.0,F,Forward
842,3186.0,Stephen Hughes,Stephen,Hughes,1976-09-18,England,England,,M,Midfielder
1097,10516.0,Ritchie Humphreys,Ritchie,Humphreys,1977-11-30,England,England,25.0,M,Left Winger
1528,1864.0,Andy Hunt,Andy,Hunt,1970-06-09,England,England,,F,Forward
272,1067.0,Don Hutchison,Don,Hutchison,1971-05-09,Scotland,Scotland,,M,Midfielder
505,486.0,Graham Hyde,Graham,Hyde,1970-11-10,England,England,,M,Midfielder
1514,2288.0,Sasa Ilic,Sasa,Ilic,1972-07-18,Serbia,Serbia,,G,Goalkeeper
453,1915.0,Andy Impey,Andy,Impey,1971-09-30,England,England,2.0,M,Midfielder
326,3400.0,Paul Ince,Paul,Ince,1967-10-21,England,England,8.0,M,Midfielder
315,3386.0,Denis Irwin,Denis,Irwin,1965-10-31,Ireland,Ireland,,D,Defender
1277,27112.0,Steffen Iversen,Steffen,Iversen,1976-11-10,Norway,Norway,9.0,F,Forward
670,3475.0,Muzzy Izzet,Muzzy,Izzet,1974-10-31,England,Turkey,6.0,M,Midfielder
1474,1768.0,Samassi Abou,Samassi,Abou,1973-04-04,Cote D’Ivoire,France,,F,Forward
3,3.0,Tony Adams,Tony,Adams,1966-10-10,England,England,,D,Defender
1639,12626.0,Gareth Ainsworth,Gareth,Ainsworth,1973-05-10,England,England,44.0,M,Centre Central Midfielder
924,1010.0,Philippe Albert,Philippe,Albert,1967-08-10,Belgium,Belgium,,D,Defender
1447,2370.0,Niclas Alexandersson,Niclas,Alexandersson,1971-12-29,Sweden,Sweden,,M,Midfielder
1040,1183.0,Graham Allen,Graham,Allen,1977-04-08,England,England,,D,Defender
1608,1972.0,Bernard Allou,Bernard,Allou,1975-06-19,France,France,,F,Forward
1543,127569.0,John Aloisi,John,Aloisi,1976-02-05,Australia,Australia,20.0,F,Forward
1339,1584.0,Anders Andersson,Anders,Andersson,1974-03-15,Sweden,Sweden,,F,Forward
566,3471.0,Darren Anderton,Darren,Anderton,1972-03-03,England,England,,M,Midfielder
518,1680.0,Ian Andrews,Ian,Andrews,1964-12-01,England,England,,G,Goalkeeper
1158,96964.0,Andy Ducros,Andy,Ducros,1977-09-16,England,England,,M,Midfielder
1460,314620.0,Andy Williams,Andy,Williams,1986-08-14,England,England,11.0,F,Centre Striker
1135,6786.0,Nicolas Anelka,Nicolas,Anelka,1979-03-14,France,France,39.0,F,Centre Striker
1273,12986.0,Mark Arber,Mark,Arber,1977-10-08,Zimbabwe,Zimbabwe,,D,Defender
600,578.0,Neal Ardley,Neal,Ardley,1972-09-01,England,England,,M,Midfielder
726,2395.0,Alun Armstrong,Alun,Armstrong,1975-02-22,England,England,10.0,F,Forward
1415,2420.0,Pegguy Arphexad,Pegguy,Arphexad,1973-05-18,France,France,,G,Goalkeeper
125,2311.0,Peter Atherton,Peter,Atherton,1970-04-06,England,England,2.0,D,Defender
1272,2895.0,Espen Baardsen,Espen,Baardsen,1977-12-07,United States,Norway,,G,Goalkeeper
1145,3643.0,Celestine Babayaro,Celestine,Babayaro,1978-08-29,Nigeria,Nigeria,33.0,D,Defender
128,3032.0,Phil Babb,Phil,Babb,1970-11-30,Ireland,Ireland,,D,Defender
1394,1649.0,Francesco Baiano,Francesco,Baiano,1968-02-24,Italy,Italy,,F,Forward
1562,127570.0,Ibrahima Bakayoko,Ibrahima,Bakayoko,1976-12-31,Cote D’Ivoire,Cote D’Ivoire,24.0,F,Forward
1219,1427.0,Steve Baker,Steve,Baker,1978-09-08,England,England,,D,Defender
1185,178446.0,Michael Ball,Michael,Ball,1979-10-02,England,England,16.0,D,Left Full Back
569,179502.0,Nick Barmby,Nick,Barmby,1974-02-11,England,England,18.0,M,Centre Central Midfielder
269,1848.0,John Barnes,John,Barnes,1963-11-07,Jamaica,England,,M,Midfielder
104,28003.0,Anthony Barness,Anthony,Barness,1973-02-25,England,England,,D,Defender
1499,1809.0,Graham Barrett,Graham,Barrett,1981-10-06,Ireland,Ireland,,F,Forward
1308,52234.0,Gareth Barry,Gareth,Barry,1981-02-23,England,England,18.0,M,Centre Central Midfielder
509,2631.0,Chris Bart-Williams,Chris,Bart-Williams,1974-06-16,England,England,,M,Midfielder
590,2644.0,Warren Barton,Warren,Barton,1969-03-19,England,England,2.0,D,Defender
1251,177230.0,Steve Basham,Steve,Basham,1977-02-12,England,England,,F,Forward
243,234.0,David Batty,David,Batty,1968-12-02,England,England,,M,Midfielder
1005,9736.0,James Beattie,James,Beattie,1978-02-27,England,England,21.0,F,Centre Striker
1227,1894.0,Mikkel Beck,Mikkel,Beck,1973-05-12,Denmark,Denmark,,F,Forward
331,113463.0,David Beckham,David,Beckham,1975-05-02,England,England,32.0,M,Centre/Right Central Midfielder
1591,1947.0,David Beharall,David,Beharall,1979-03-08,England,England,,D,Defender
523,503.0,Francis Benali,Francis,Benali,1968-12-30,England,England,,D,Defender
1583,1930.0,Marlon Beresford,Marlon,Beresford,1969-09-02,England,England,,G,Goalkeeper
74,279141.0,Henning Berg,Henning,Berg,1969-09-01,Norway,Norway,,D,Defender
1205,100429.0,Patrik Berger,Patrik,Berger,1973-11-10,Czech Republic,Czech Republic,8.0,M,Left/Right Winger
991,1107.0,Dennis Bergkamp,Dennis,Bergkamp,1969-05-10,Netherlands,Netherlands,10.0,F,Forward
1247,3347.0,Eyal Berkovic,Eyal,Berkovic,1972-04-02,Israel,Israel,10.0,M,Midfielder
1466,1753.0,Nicola Berti,Nicola,Berti,1967-04-14,Italy,Italy,,M,Midfielder
1456,29146.0,Scott Bevan,Scott,Bevan,1979-09-19,England,England,1.0,G,Goalkeeper
1112,1652.0,Slaven Bilic,Slaven,Bilic,1968-09-11,Croatia,Croatia,,D,Defender
260,2580.0,Stig Inge Bjornebye,Stig Inge,Bjornebye,1969-12-11,Norway,Norway,,D,Defender
1496,95872.0,Tommy Black,Tommy,Black,1979-11-26,England,England,,M,Midfielder
325,1234.0,Clayton Blackmore,Clayton,Blackmore,1964-09-23,Wales,Wales,,M,Midfielder
589,567.0,Dean Blackwell,Dean,Blackwell,1969-12-05,England,England,,D,Defender
1508,177650.0,Michael Blackwood,Michael,Blackwood,1979-09-30,England,England,,D,Defender
745,3409.0,Nathan Blake,Nathan,Blake,1972-01-27,Wales,Wales,,F,Forward
1582,2887.0,Jesper Blomqvist,Jesper,Blomqvist,1974-02-05,Sweden,Sweden,,F,Forward
1361,177168.0,George Boateng,George,Boateng,1975-09-05,Netherlands,Netherlands,6.0,M,Midfielder
1549,26768.0,Paul Boertien,Paul,Boertien,1979-01-20,England,England,2.0,M,Midfielder
942,1645.0,Lars Bohinen,Lars,Bohinen,1969-09-08,Norway,Norway,,M,Midfielder
136,95963.0,Willie Boland,Willie,Boland,1975-08-06,Ireland,Ireland,,M,Midfielder
1606,1970.0,Thierry Bonalair,Thierry,Bonalair,1966-06-14,France,France,,M,Midfielder
1241,2549.0,Andy Booth,Andy,Booth,1973-12-06,England,England,,F,Forward
1547,278153.0,Vassilis Borbokis,Vassilis,Borbokis,1969-02-10,Greece,Greece,,D,Defender
32,2329.0,Mark Bosnich,Mark,Bosnich,1972-01-13,Australia,Australia,,G,Goalkeeper
9,2192.0,Steve Bould,Steve,Bould,1962-11-16,England,England,,D,Defender
376,1841.0,Mark Bowen,Mark,Bowen,1963-12-07,Wales,Wales,,D,Defender
1190,176853.0,Lee Bowyer,Lee,Bowyer,1977-01-03,England,England,8.0,M,Midfielder
1624,1997.0,Shayne Bradley,Shayne,Bradley,1979-12-08,England,England,,F,Forward
779,1951.0,Garry Brady,Garry,Brady,1976-09-07,Scotland,Scotland,,M,Midfielder
1588,1943.0,Marco Branca,Marco,Branca,1965-01-06,Italy,Italy,,F,Forward
1043,1188.0,Paul Michael Branch,Paul Michael,Branch,1978-10-18,England,England,,F,Forward
1416,13367.0,Guy Branston,Guy,Branston,1979-01-09,England,England,5.0,D,Centre Central Defender
789,827.0,Tim Breacker,Tim,Breacker,1965-07-02,England,England,,D,Defender
1155,94818.0,Gary Breen,Gary,Breen,1973-12-12,Ireland,Ireland,6.0,D,Defender
1458,11905.0,Wayne Bridge,Wayne,Bridge,1980-08-05,England,England,18.0,D,Left Full Back
1390,27159.0,Marc Bridge-Wilkinson,Marc,Bridge-Wilkinson,1979-03-16,England,England,,M,Midfielder
513,2028.0,Mark Bright,Mark,Bright,1962-06-06,England,England,,F,Forward
285,1875.0,Ian Brightwell,Ian,Brightwell,1968-04-09,England,England,,D,Defender
749,776.0,Lee Briscoe,Lee,Briscoe,1975-09-30,England,England,,D,Defender
1613,27921.0,Leigh Bromby,Leigh,Bromby,1980-06-02,England,England,,D,Defender
852,97465.0,Marlon Broomes,Marlon,Broomes,1977-11-28,England,England,4.0,D,Defender
1516,1845.0,Steve Brown,Steve,Brown,1972-05-13,England,England,,D,Defender
1410,175043.0,Bruno Ribeiro,Bruno Miguel,Fernandes Ribeiro,1975-10-22,Portugal,Portugal,11.0,M,Left Central Midfielder
1633,176855.0,Jimmy Bullard,Jimmy,Bullard,1978-10-23,England,England,21.0,M,Midfielder
256,919.0,David Burrows,David,Burrows,1968-10-25,England,England,,D,Defender
1393,20441.0,Deon Burton,Deon,Burton,1976-10-25,Jamaica,Jamaica,,F,Forward
332,3805.0,Nicky Butt,Nicky,Butt,1975-01-21,England,England,20.0,M,Midfielder
663,12394.0,Darren Byfield,Darren,Byfield,1976-09-29,Jamaica,Jamaica,10.0,F,Forward
1472,18854.0,Stephen Bywater,Stephen,Bywater,1981-06-07,England,England,13.0,G,Goalkeeper
1501,1811.0,Fabian Caballero,Fabian,Caballero,1978-01-31,Argentina,Argentina,,F,Forward
1186,10436.0,Danny Cadamarteri,Danny,Cadamarteri,1979-10-12,England,England,11.0,F,Striker
775,1814.0,Colin Calderwood,Colin,Calderwood,1965-01-20,Scotland,Scotland,,D,Defender
1589,120446.0,Steven Caldwell,Steven,Caldwell,1980-09-12,Scotland,Scotland,13.0,D,Centre Central Defender
1333,96880.0,Callum Davidson,Callum,Davidson,1976-06-25,Scotland,Scotland,3.0,D,Defender
25,3744.0,Kevin Campbell,Kevin,Campbell,1970-02-04,England,England,,F,Forward
1301,1538.0,Lee Canoville,Lee,Canoville,1981-03-14,England,England,,M,Midfielder
1546,1886.0,Horacio Carbonari,Horacio,Carbonari,1973-05-02,Argentina,Argentina,,D,Defender
1240,2738.0,Benito Carbone,Benito,Carbone,1971-08-14,Italy,Italy,,F,Forward
776,94885.0,Stephen Carr,Stephen,Carr,1976-08-29,Ireland,Ireland,2.0,D,Right Full Back
915,143184.0,Jamie Carragher,Jamie,Carragher,1978-01-28,England,England,23.0,D,Defender
1634,4242.0,Michael Carrick,Michael,Carrick,1981-07-28,England,England,16.0,M,Centre Central Midfielder
1175,5265.0,Lee Carsley,Lee,Carsley,1974-02-28,Ireland,Ireland,26.0,M,Centre Defensive Midfielder
1537,1872.0,Pierluigi Casiraghi,Pierluigi,Casiraghi,1969-03-04,Italy,Italy,,F,Forward
318,306.0,Chris Casper,Chris,Casper,1975-04-28,England,England,,D,Defender
808,847.0,Stewart Castledine,Stewart,Castledine,1973-01-22,England,England,,M,Midfielder
396,2256.0,Gary Charles,Gary,Charles,1970-04-13,England,England,,D,Defender
1351,2438.0,Laurent Charvet,Laurent,Charvet,1973-05-08,France,France,,D,Defender
398,382.0,Steve Chettle,Steve,Chettle,1968-09-27,England,England,,D,Defender
1553,2996.0,Malcolm Christie,Malcolm,Christie,1979-04-11,England,England,11.0,F,Forward
1500,1810.0,Eric Chukwunyelu,Eric,Chukwunyelu,1981-06-10,Nigeria,Nigeria,,F,Forward
105,101.0,Steve Clarke,Steve,Clarke,1963-08-29,Scotland,Scotland,,D,Defender
1067,1218.0,Michael Clegg,Michael,Clegg,1977-07-03,England,England,,D,Defender
1557,1899.0,Alex Cleland,Alex,Cleland,1970-10-12,Scotland,Scotland,,D,Defender
961,98165.0,Stephen Clemence,Stephen,Clemence,1978-03-31,England,England,14.0,M,Midfielder
1146,98419.0,Neil Clement,Neil,Clement,1978-10-03,England,England,6.0,D,Left/Centre Central Defender
1611,1979.0,Juan Cobian,Juan,Cobian,1975-09-11,Argentina,Argentina,,D,Defender
1494,152954.0,Ashley Cole,Ashley,Cole,1980-12-20,England,England,26.0,D,Left Full Back
1619,1987.0,Patrick Colleter,Patrick,Colleter,1965-11-06,France,France,,D,Defender
1559,2677.0,John Collins,John,Collins,1968-01-31,Scotland,Scotland,,M,Midfielder
627,2531.0,Stan Collymore,Stan,Collymore,1971-01-22,England,England,,F,Forward
1229,176684.0,Paul Connor,Paul,Connor,1979-01-12,England,England,,F,Forward
923,2448.0,Terry Cooke,Terry,Cooke,1976-08-05,England,England,,M,Midfielder
937,1933.0,Colin Cooper,Colin,Cooper,1967-02-28,England,England,,D,Defender
1442,10797.0,James Coppinger,James,Coppinger,1981-01-18,England,England,26.0,M,Left/Centre/Right Attacking Midfielder
1284,29520.0,Carl Cort,Carl,Cort,1977-11-01,Guyana,Guyana,9.0,F,Forward
193,1687.0,Tony Cottee,Tony,Cottee,1965-07-11,England,England,,F,Forward
1002,28852.0,Graham Coughlan,Graham,Coughlan,1974-11-18,Ireland,Ireland,5.0,D,Defender
1110,1282.0,Chris Coyne,Chris,Coyne,1978-12-20,Australia,Australia,,D,Defender
940,27498.0,Craig Armstrong,Steven Craig,Armstrong,1975-05-23,England,England,6.0,D,Defender
1449,13658.0,Richard Cresswell,Richard,Cresswell,1977-09-20,England,England,17.0,F,Forward
1354,1605.0,Nick Crittenden,Nick,Crittenden,1978-11-11,England,England,,M,Midfielder
999,2378.0,Gary Croft,Gary,Croft,1974-02-17,England,England,,D,Defender
394,26950.0,Mark Crossley,Mark,Crossley,1969-06-16,Wales,Wales,26.0,G,Goalkeeper
1629,154344.0,Peter Crouch,Peter,Crouch,1981-01-30,England,England,15.0,F,Centre Striker
1130,177134.0,Jason Crowe,Jason,Crowe,1978-09-30,England,England,4.0,D,Defender
1216,127414.0,Jordi Cruyff,Jordi,Cruyff,1974-02-09,Netherlands,Netherlands,14.0,M,Midfielder
1065,1216.0,Nick Culkin,Nick,Culkin,1978-07-06,England,England,,G,Goalkeeper
1224,10930.0,Michael Cummins,Michael,Cummins,1978-06-01,Ireland,Ireland,22.0,M,Midfielder
972,2828.0,Kenny Cunningham,Kenny,Cunningham,1971-06-28,Ireland,Ireland,4.0,D,Defender
1020,1633.0,Sasa Curcic,Sasa,Curcic,1972-02-14,Serbia,Serbia,,M,Midfielder
1427,96604.0,John Curtis,John,Curtis,1978-09-03,England,England,19.0,D,Defender
1436,3250.0,Nikolaos Dabizas,Nikolaos,Dabizas,1973-08-03,Greece,Greece,44.0,D,Defender
1560,100438.0,Olivier Dacourt,Olivier,Dacourt,1974-09-25,France,France,15.0,M,Midfielder
1340,1585.0,Martin Dahlin,Martin,Dahlin,1968-04-16,Sweden,Sweden,,F,Forward
1163,177713.0,Christian Dailly,Christian,Dailly,1973-10-23,Scotland,Scotland,,D,Defender
1207,1721.0,Paul Dalglish,Paul,Dalglish,1977-02-18,Scotland,Scotland,,F,Forward
1535,175295.0,Samuele Dalla Bona,Samuele,Dalla Bona,1981-02-06,Italy,Italy,24.0,M,Centre Central Midfielder
1622,1993.0,Dani Rodrigues,Daniel,Ferreira Rodrigues,1980-03-03,Portugal,Portugal,,M,Midfielder
929,4579.0,Danny Mills,Daniel,Mills,1977-05-18,England,England,27.0,D,Defender
1610,1977.0,Jean-Claude Darcheville,Jean-Claude,Darcheville,1975-07-25,France,France,,F,Forward
91,15180.0,Dave Beasant,Dave,Beasant,1959-03-20,England,England,39.0,G,Goalkeeper
1350,1601.0,Ed de Goey,Ed,de Goey,1966-12-20,Netherlands,Netherlands,,G,Goalkeeper
488,2713.0,Brian Deane,Brian,Deane,1968-02-07,England,England,,F,Forward
1526,303240.0,Jermain Defoe,Jermain,Defoe,1982-10-07,England,England,10.0,F,Centre Striker
1561,1904.0,Peter Degn,Peter,Degn,1977-04-06,Denmark,Denmark,,M,Midfielder
1504,1815.0,Mark Delaney,Mark,Delaney,1976-05-13,Wales,Wales,2.0,D,Defender
1391,12887.0,Rory Delap,Rory,Delap,1976-07-06,Ireland,Ireland,4.0,M,Midfielder
1533,1868.0,Marcel Desailly,Marcel,Desailly,1968-09-07,Ghana,France,,D,Defender
1451,3190.0,Paolo Di Canio,Paolo,Di Canio,1968-07-09,Italy,Italy,,F,Forward
1149,1340.0,Roberto Di Matteo,Roberto,Di Matteo,1970-05-29,Switzerland,Italy,,M,Midfielder
1498,2522.0,Kaba Diawara,Kaba,Diawara,1975-12-16,Guinea,Guinea,,F,Forward
696,888.0,Julian Dicks,Julian,Dicks,1968-08-08,England,England,,D,Defender
13,13.0,Lee Dixon,Lee,Dixon,1964-03-17,England,England,,D,Defender
1581,178163.0,Bojan Djordjic,Bojan,Djordjic,1982-02-06,Sweden,Sweden,32.0,M,Midfielder
528,508.0,Jason Dodd,Jason,Dodd,1970-11-02,England,England,2.0,D,Defender
1604,11008.0,Chris Doig,Chris,Doig,1981-02-13,Scotland,Scotland,12.0,D,Defender
1590,174352.0,Didier Domi,Didier,Domi,1978-05-02,France,France,3.0,D,Left Full Back
229,1884.0,Tony Dorigo,Tony,Dorigo,1965-12-31,Australia,England,,D,Defender
903,2493.0,Mark Draper,Mark,Draper,1970-11-11,England,England,,M,Midfielder
1245,1457.0,Richard Dryden,Richard,Dryden,1969-06-14,England,England,,D,Defender
669,177233.0,Michael Duberry,Michael,Duberry,1975-10-14,England,England,5.0,D,Defender
338,1823.0,Dion Dublin,Dion,Dublin,1969-04-22,England,England,,F,Forward
1418,1686.0,Lawrie Dudfield,Lawrie,Dudfield,1980-05-07,England,England,,F,Forward
1004,124533.0,Damien Duff,Damien,Duff,1979-03-02,Ireland,Ireland,11.0,M,Left Winger
1577,1925.0,Sean Dundee,Sean,Dundee,1972-12-07,South Africa,South Africa,,F,Forward
1337,20833.0,David Dunn,David,Dunn,1979-12-27,England,England,17.0,M,Centre Attacking Midfielder
1184,59202.0,Richard Dunne,Richard,Dunne,1979-09-21,Ireland,Ireland,22.0,D,Centre Central Defender
598,576.0,Robbie Earle,Robbie,Earle,1965-01-27,Jamaica,Jamaica,,M,Midfielder
192,42012.0,John Ebbrell,John,Ebbrell,1969-10-01,England,England,,D,Defender
551,531.0,Justin Edinburgh,Justin,Edinburgh,1969-12-18,England,England,,D,Defender
1601,1962.0,Christian Edwards,Christian,Edwards,1975-11-23,Wales,Wales,,D,Defender
1370,95198.0,Marc Edworthy,Marc,Edworthy,1972-12-24,England,England,,D,Defender
35,2472.0,Ugo Ehiogu,Ugo,Ehiogu,1972-11-03,England,England,,D,Defender
389,1075.0,Efan Ekoku,Efan,Ekoku,1967-06-08,Nigeria,Nigeria,,F,Forward
1389,10480.0,Steve Elliott,Steve,Elliott,1978-10-29,England,England,6.0,D,Central Defender
1445,4053.0,Emerson Thome,Emerson Augusto,Thome,1972-03-30,Brazil,Brazil,5.0,D,Defender
1503,95259.0,Peter Enckelman,Peter,Enckelman,1977-03-10,Finland,Finland,20.0,G,Goalkeeper
1392,1647.0,Stefano Eranio,Stefano,Eranio,1966-12-29,Italy,Italy,,M,Midfielder
1118,178101.0,Jason Euell,Jason,Euell,1977-02-06,England,Jamaica,29.0,F,Forward
1156,10761.0,John Eustace,John,Eustace,1979-11-03,England,England,14.0,M,Centre Central Midfielder
1564,1908.0,Gareth Evans,Gareth,Evans,1981-02-15,England,England,,D,Defender
1397,1654.0,Adam Farley,Adam,Farley,1980-01-12,England,England,,D,Defender
45,2617.0,Gareth Farrelly,Gareth,Farrelly,1975-08-28,Ireland,Ireland,,M,Midfielder
1159,28161.0,Craig Faulconbridge,Craig,Faulconbridge,1978-04-20,England,England,,F,Forward
592,570.0,Peter Fear,Peter,Fear,1973-09-10,England,England,,D,Defender
1105,1277.0,Neale Fenn,Neale,Fenn,1977-01-18,Ireland,Ireland,,F,Forward
57,1688.0,Graham Fenton,Graham,Fenton,1974-05-22,England,England,,F,Forward
462,3754.0,Les Ferdinand,Les,Ferdinand,1966-12-08,England,England,,F,Forward
877,948.0,Duncan Ferguson,Duncan,Ferguson,1971-12-27,Scotland,Scotland,9.0,F,Forward
1507,1821.0,Fabio Ferraresi,Fabio,Ferraresi,1979-05-24,Italy,Italy,,M,Midfielder
1532,1867.0,Albert Ferrer,Albert,Ferrer,1970-06-06,Spain,Spain,,D,Defender
23,128586.0,Paul Merson,Paul,Merson,1968-03-20,England,England,9.0,M,Centre Central Midfielder
782,818.0,Ludek Miklosko,Ludek,Miklosko,1961-12-09,Czech Republic,Czech Republic,,G,Goalkeeper
1646,2243.0,Charlie Miller,Charlie,Miller,1976-03-18,Scotland,Scotland,,M,Midfielder
1400,261255.0,Jamie Milligan,Jamie,Milligan,1980-01-03,England,England,,M,Midfielder
855,2012.0,Scott Minto,Scott,Minto,1971-08-06,England,England,,D,Defender
1189,2529.0,Robert Molenaar,Robert,Molenaar,1969-02-27,Netherlands,Netherlands,,D,Defender
768,1065.0,John Moncur,John,Moncur,1966-09-22,England,England,,M,Midfielder
1620,6148.0,Garry Monk,Garry,Monk,1979-03-06,England,England,16.0,D,Centre Central Defender
522,502.0,Kenneth Monkou,Kenneth,Monkou,1964-11-29,Suriname,Netherlands,,D,Defender
360,346.0,Alan Moore,Alan,Moore,1974-11-25,Ireland,Ireland,,M,Midfielder
1027,3426.0,Jody Morris,Jody,Morris,1978-12-22,England,England,4.0,M,Midfielder
1618,1986.0,Owen Morrison,Owen,Morrison,1981-12-08,Northern Ireland,Northern Ireland,,F,Forward
158,1850.0,Paul Mortimer,Paul,Mortimer,1968-05-08,England,England,,M,Midfielder
1243,1455.0,Neil Moss,Neil,Moss,1975-05-10,England,England,,G,Goalkeeper
1213,3674.0,Phil Mulryne,Phil,Mulryne,1978-01-01,Northern Ireland,Northern Ireland,7.0,M,Midfielder
1423,4624.0,Danny Murphy,Danny,Murphy,1977-03-18,England,England,13.0,M,Centre Central Midfielder
1551,11397.0,Adam Murray,Adam,Murray,1981-09-30,England,England,21.0,M,Centre Central Midfielder
363,3119.0,Robbie Mustoe,Robbie,Mustoe,1968-08-28,England,England,,M,Midfielder
102,2070.0,Andy Myers,Andy,Myers,1973-11-03,England,England,3.0,D,Defender
1396,3838.0,Thomas Myhre,Thomas,Myhre,1973-10-16,Norway,Norway,36.0,G,Goalkeeper
1432,4629.0,Erik Nevland,Erik,Nevland,1977-11-10,Norway,Norway,10.0,F,Centre Striker
1576,96641.0,Jon Newby,Jon,Newby,1978-11-28,England,England,14.0,F,Forward
231,1261.0,Jon Newsome,Jon,Newsome,1970-09-06,England,England,,D,Defender
1519,4033.0,Shaun Newton,Shaun,Newton,1975-08-20,England,England,26.0,M,Midfielder
1029,1165.0,Mark Nicholls,Mark,Nicholls,1977-05-30,England,England,,F,Forward
1419,1689.0,Jorgen Nielsen,Jorgen,Nielsen,1971-05-06,Denmark,Denmark,,G,Goalkeeper
744,2001.0,Roger Nilsen,Roger,Nilsen,1969-08-08,Norway,Norway,,D,Defender
953,2310.0,Ian Nolan,Ian,Nolan,1970-07-09,England,Northern Ireland,,D,Defender
1214,1422.0,Alex Notman,Alex,Notman,1979-12-10,Scotland,Scotland,,F,Forward
313,1653.0,John O'Kane,John,O'Kane,1974-11-15,England,England,,D,Defender
931,1938.0,Keith O'Neill,Keith,O'Neill,1976-02-16,Ireland,Ireland,,M,Midfielder
1470,1758.0,Alex O'Reilly,Alex,O'Reilly,1979-09-15,Ireland,Ireland,,G,Goalkeeper
34,3378.0,Michael Oakes,Michael,Oakes,1973-10-30,England,England,1.0,G,Goalkeeper
958,10841.0,Matt Oakley,Matt,Oakley,1977-08-17,England,England,16.0,M,Centre Central Midfielder
122,116.0,Steve Ogrizovic,Steve,Ogrizovic,1957-09-12,England,England,,G,Goalkeeper
1116,1291.0,Manny Omoyinmi,Manny,Omoyinmi,1977-12-28,Nigeria,England,,F,Forward
1226,1434.0,Anthony Ormerod,Anthony,Ormerod,1979-03-31,England,England,,M,Midfielder
1250,279367.0,Egil Ostenstad,Egil,Ostenstad,1972-01-02,Norway,Norway,,F,Forward
1401,10935.0,John Oster,John,Oster,1978-12-08,Wales,Wales,7.0,M,Midfielder
1299,127268.0,Marc Overmars,Marc,Overmars,1973-03-29,Netherlands,Netherlands,11.0,M,Midfielder
1208,6476.0,Michael Owen,Michael,Owen,1979-12-14,England,England,10.0,F,Centre Striker
1623,1995.0,Marian Pahars,Marian,Pahars,1976-08-05,Latvia,Latvia,,F,Forward
320,1934.0,Gary Pallister,Gary,Pallister,1965-06-30,England,England,,D,Defender
497,2098.0,Carlton Palmer,Carlton,Palmer,1965-12-05,England,England,,D,Defender
1518,23102.0,Scott Parker,Scott,Parker,1980-10-13,England,England,,M,Midfielder
686,694.0,Joe Parkinson,Joe,Parkinson,1971-06-11,England,England,,M,Midfielder
19,3636.0,Ray Parlour,Ray,Parlour,1973-03-07,England,England,15.0,M,Midfielder
448,2552.0,Darren Peacock,Darren,Peacock,1968-02-03,England,England,,D,Defender
395,2257.0,Stuart Pearce,Stuart,Pearce,1962-04-24,England,England,,D,Defender
820,2291.0,Tore Pedersen,Tore,Pedersen,1969-09-29,Norway,Norway,,D,Defender
1495,15274.0,Jermaine Pennant,Jermaine,Pennant,1983-01-15,England,England,15.0,M,Right Winger
1510,278814.0,Sébastien Pérez,Sébastien,Pérez,1973-11-24,France,France,3.0,D,Defender
587,97107.0,Chris Perry,Chris,Perry,1973-04-26,England,England,5.0,D,Defender
1300,2637.0,Emmanuel Petit,Emmanuel,Petit,1970-09-22,France,France,,M,Midfielder
954,2491.0,Dan Petrescu,Dan,Petrescu,1967-12-22,Romania,Romania,,D,Defender
629,1839.0,Andy Petterson,Andy,Petterson,1969-09-26,Australia,Australia,,G,Goalkeeper
291,1381.0,Terry Phelan,Terry,Phelan,1967-03-16,Ireland,Ireland,,D,Defender
1187,28262.0,Phil Jevons,Phillip,Jevons,1979-08-01,England,England,10.0,F,Forward
921,3869.0,Phil Neville,Philip,Neville,1977-01-21,England,England,18.0,M,Centre Defensive Midfielder
1433,2360.0,Alessandro Pistone,Alessandro,Pistone,1975-07-27,Italy,Italy,,D,Defender
1099,1266.0,Mark Platts,Mark,Platts,1979-05-23,England,England,,M,Midfielder
1161,3770.0,Mart Poom,Mart,Poom,1972-02-03,Estonia,Estonia,21.0,G,Goalkeeper
1280,1967.0,Hugo Porfirio,Hugo,Porfirio,1973-09-28,Portugal,Portugal,,M,Midfielder
785,821.0,Steve Potts,Steve,Potts,1967-05-07,United States,England,,D,Defender
1168,96263.0,Chris Powell,Chris,Powell,1969-09-08,England,England,29.0,D,Defender
1355,2769.0,Gustavo Poyet,Gustavo,Poyet,1967-11-15,Uruguay,Uruguay,,M,Midfielder
495,3239.0,Kevin Pressman,Kevin,Pressman,1967-11-06,England,England,1.0,G,Goalkeeper
1406,1670.0,Jamie Price,Jamie,Price,1981-10-27,England,England,,D,Defender
1523,1859.0,Martin Pringle,Martin,Pringle,1970-11-18,Sweden,Sweden,,F,Forward
732,2444.0,Spencer Prior,Spencer,Prior,1971-04-22,England,England,,D,Defender
1607,10587.0,David Prutton,David,Prutton,1981-09-12,England,England,12.0,M,Centre Central Midfielder
1092,41994.0,Nigel Quashie,Nigel,Quashie,1978-07-20,Scotland,Scotland,19.0,M,Midfielder
1540,1877.0,Barry Quinn,Barry,Quinn,1979-05-09,Ireland,Ireland,,M,Midfielder
1138,177643.0,Adam Rachel,Adam,Rachel,1976-12-10,England,England,,G,Goalkeeper
886,961.0,Lucas Radebe,Lucas,Radebe,1969-04-12,South Africa,South Africa,5.0,D,Defender
1182,1379.0,Marino Rahmberg,Marino,Rahmberg,1974-08-07,Sweden,Sweden,,S,Substitute
1322,2073.0,Neil Redfearn,Neil,Redfearn,1965-06-20,England,England,,M,Midfielder
262,3710.0,Jamie Redknapp,Jamie,Redknapp,1973-06-25,England,England,38.0,M,Midfielder
1398,26722.0,Carl Regan,Carl,Regan,1980-09-09,England,England,15.0,D,Defender
1531,11081.0,Rhys Evans,Rhys,Evans,1982-01-27,England,England,1.0,G,Goalkeeper
1587,1942.0,Hamilton Ricard,Hamilton,Ricard,1974-01-12,Colombia,Colombia,,F,Forward
1425,1697.0,Karl-Heinz Riedle,Karl-Heinz,Riedle,1965-09-16,Germany,Germany,,F,Forward
79,1991.0,Stuart Ripley,Stuart,Ripley,1967-11-20,England,England,,M,Midfielder
914,16428.0,Gareth Roberts,Gareth,Roberts,1978-02-06,Wales,Wales,3.0,D,Defender
1409,1673.0,David Robertson,David,Robertson,1968-10-17,Scotland,Scotland,,M,Midfielder
1522,1858.0,John Robinson,John,Robinson,1971-08-29,Wales,Wales,,M,Midfielder
1600,2708.0,Alan Rogers,Alan,Rogers,1977-01-03,England,England,15.0,D,Defender
504,1610.0,Roland Nilsson,Roland,Nilsson,1963-11-27,Sweden,Sweden,,D,Defender
1513,95808.0,Simon Royce,Simon,Royce,1971-09-09,England,England,48.0,G,Goalkeeper
558,2011.0,Neil Ruddock,Neil,Ruddock,1968-05-09,England,England,,D,Defender
1446,1728.0,Petter Rudi,Petter,Rudi,1973-09-17,Norway,Norway,,M,Midfielder
1517,1846.0,Richard Rufus,Richard,Rufus,1975-01-12,England,England,,D,Defender
1598,6569.0,Louis Saha,Louis,Saha,1978-08-08,France,France,25.0,F,Centre Striker
1465,1752.0,Moussa Saïb,Moussa,Saïb,1969-03-06,Algeria,Algeria,,M,Midfielder
1505,26835.0,Jlloyd Samuel,Jlloyd,Samuel,1981-03-29,Trinidad & Tobago,Trinidad & Tobago,21.0,D,Defender
1452,1735.0,Francesco Sanetti,Francesco,Sanetti,1979-01-11,Italy,Italy,,F,Forward
706,54999.0,Robbie Savage,Robbie,Savage,1974-10-18,Wales,Wales,8.0,M,Midfielder
586,2537.0,John Scales,John,Scales,1966-07-04,England,England,,D,Defender
307,143575.0,Peter Schmeichel,Peter,Schmeichel,1963-11-18,Denmark,Denmark,1.0,G,Goalkeeper
1545,1883.0,Stefan Schnoor,Stefan,Schnoor,1971-04-18,Germany,Germany,,D,Defender
336,324.0,Paul Scholes,Paul,Scholes,1974-11-16,England,England,22.0,M,Centre Central Midfielder
1218,58158.0,Mark Schwarzer,Mark,Schwarzer,1972-10-06,Australia,Australia,32.0,G,Goalkeeper
660,97880.0,Riccardo Scimeca,Riccardo,Scimeca,1975-06-13,England,England,19.0,D,Defender
1616,1984.0,Philip Scott,Philip,Scott,1974-11-14,Scotland,Scotland,,M,Midfielder
310,1062.0,Les Sealey,Les,Sealey,1957-09-29,England,England,,G,Goalkeeper
1,119183.0,David Seaman,David,Seaman,1963-09-19,England,England,,G,Goalkeeper
582,1999.0,Hans Segers,Hans,Segers,1961-10-30,Netherlands,Netherlands,,G,Goalkeeper
1592,1948.0,Carl Serrant,Carl,Serrant,1975-09-12,England,England,,D,Defender
328,2074.0,Lee Sharpe,Lee,Sharpe,1971-05-27,England,England,,M,Midfielder
154,1168.0,Richard Shaw,Richard,Shaw,1968-09-11,England,England,,D,Defender
89,1440.0,Alan Shearer,Alan,Shearer,1970-08-13,England,England,9.0,F,Forward
1152,1343.0,Joe Sheerin,Joe,Sheerin,1977-11-08,England,England,,F,Forward
576,110022.0,Teddy Sheringham,Teddy,Sheringham,1966-04-02,England,England,,F,Centre Second Striker
78,3336.0,Tim Sherwood,Tim,Sherwood,1969-02-06,England,England,,M,Midfielder
1032,1173.0,Sam Shilton,Sam,Shilton,1978-07-21,England,England,,M,Midfielder
116,4460.0,Neil Shipperley,Neil,Shipperley,1974-10-30,England,England,,F,Forward
1037,4325.0,Craig Short,Craig,Short,1968-06-25,England,England,24.0,D,Defender
1554,28761.0,Steve Simonsen,Steve,Simonsen,1979-04-03,England,England,1.0,G,Goalkeeper
103,29322.0,Frank Sinclair,Frank,Sinclair,1971-12-03,Jamaica,Jamaica,15.0,D,Defender
456,1274.0,Andy Sinton,Andy,Sinton,1966-03-19,England,England,,M,Midfielder
1412,11503.0,Alan Smith,Alan,Smith,1980-10-28,England,England,17.0,M,Centre Central Midfielder
1597,27645.0,Nolberto Solano,Nolberto,Solano,1974-12-12,Peru,Peru,24.0,M,Midfielder
1217,1425.0,Ole Gunnar Solskjaer,Ole Gunnar,Solskjaer,1973-02-26,Norway,Norway,20.0,F,Forward
1360,182907.0,Trond Egil Soltvedt,Trond Egil,Soltvedt,1967-02-15,Norway,Norway,32.0,M,Midfielder
1570,2516.0,Rigobert Song,Rigobert,Song,1976-07-01,Cameroon,Cameroon,,D,Defender
1614,1982.0,Danny Sonner,Danny,Sonner,1972-01-09,Northern Ireland,Northern Ireland,,M,Midfielder
153,2732.0,Gareth Southgate,Gareth,Southgate,1970-09-03,England,England,6.0,D,Defender
239,30153.0,Gary Speed,Gary,Speed,1969-09-08,Wales,Wales,15.0,M,Midfielder
117,2033.0,John Spencer,John,Spencer,1970-09-11,Scotland,Scotland,,F,Forward
708,727.0,Pavel Srnicek,Pavel,Srnicek,1968-03-10,Czech Republic,Czech Republic,24.0,G,Goalkeeper
1580,110395.0,Jaap Stam,Jaap,Stam,1972-07-17,Netherlands,Netherlands,5.0,D,Defender
359,345.0,Phil Stamp,Phil,Stamp,1975-12-12,England,England,,M,Midfielder
41,39.0,Steve Staunton,Steve,Staunton,1969-01-19,Ireland,Ireland,,D,Defender
1095,27653.0,Dejan Stefanovic,Dejan,Stefanovic,1974-10-28,Serbia,Serbia,,D,Defender
1649,2040.0,Stale Stensaas,Stale,Stensaas,1971-07-07,Norway,Norway,,D,Defender
1164,2255.0,Igor Stimac,Igor,Stimac,1967-09-06,Croatia,Croatia,,D,Defender
1584,27553.0,Robbie Stockdale,Robbie,Stockdale,1979-11-30,Scotland,Scotland,,D,Defender
406,3337.0,Steve Stone,Steve,Stone,1971-08-20,England,England,,M,Midfielder
1362,178406.0,Gavin Strachan,Gavin,Strachan,1978-12-23,Scotland,Scotland,,M,Midfielder
111,3673.0,Graham Stuart,Graham,Stuart,1970-10-24,England,England,4.0,M,Midfielder
1295,32992.0,Stuart Taylor,Stuart,Taylor,1980-11-28,England,England,28.0,G,Goalkeeper
1178,3410.0,Dean Sturridge,Dean,Sturridge,1973-07-27,England,England,,F,Forward
583,27204.0,Neil Sullivan,Neil,Sullivan,1970-02-24,Scotland,Scotland,1.0,G,Goalkeeper
1075,1233.0,Mark Summerbell,Mark,Summerbell,1976-10-30,England,England,,M,Midfielder
390,4120.0,Chris Sutton,Chris,Sutton,1973-03-10,England,England,20.0,F,Forward
1014,1913.0,Gerry Taggart,Gerry,Taggart,1970-10-18,Northern Ireland,Northern Ireland,,D,Defender
880,26668.0,Mauricio Taricco,Mauricio,Taricco,1973-03-10,Argentina,Argentina,27.0,D,Defender
847,901.0,Ian Taylor,Ian,Taylor,1968-06-04,England,England,,M,Midfielder
1033,12313.0,Paul Telfer,Paul,Telfer,1971-10-21,Scotland,Scotland,,D,Defender
1435,1711.0,David Terrier,David,Terrier,1973-08-04,France,France,,D,Defender
1353,47414.0,John Terry,John,Terry,1980-12-07,England,England,26.0,D,Centre Central Defender
1282,96171.0,Ben Thatcher,Ben,Thatcher,1975-11-30,Wales,Wales,33.0,D,Defender
939,1029.0,Stuart Thom,Stuart,Thom,1976-12-27,England,England,,D,Defender
1338,1583.0,James Thomas,James,Thomas,1979-01-16,Wales,Wales,,F,Forward
1019,278335.0,Alan Thompson,Alan,Thompson,1973-12-22,England,England,8.0,M,Midfielder
397,1840.0,Carl Tiler,Carl,Tiler,1970-02-11,England,England,,D,Defender
1356,3044.0,Tore Andre Flo,Tore Andre,Flo,1973-06-15,Norway,Norway,,F,Forward
112,1935.0,Andy Townsend,Andy,Townsend,1963-07-23,Ireland,Ireland,,M,Midfielder
1626,2003.0,Paolo Tramezzani,Paolo,Tramezzani,1970-07-30,Italy,Italy,,D,Defender
1571,121145.0,Djimi Traore,Djimi,Traore,1980-03-01,France,Mali,18.0,D,Left Full Back
552,2025.0,David Tuttle,David,Tuttle,1972-06-02,England,England,,D,Defender
1430,26439.0,Michael Twiss,Michael,Twiss,1977-12-26,England,England,9.0,F,Forward
733,1682.0,Robert Ullathorne,Robert,Ullathorne,1971-10-11,England,England,,D,Defender
181,4432.0,David Unsworth,David,Unsworth,1973-10-16,England,England,25.0,D,Defender
1131,19664.0,Matt Upson,Matt,Upson,1979-04-18,England,England,4.0,D,Centre Central Defender
1209,4850.0,Raimond van der Gouw,Raimond,van der Gouw,1963-03-24,Netherlands,Netherlands,,G,Goalkeeper
1235,1446.0,Pierre van Hooijdonk,Pierre,van Hooijdonk,1969-11-29,Netherlands,Netherlands,,F,Forward
1309,27979.0,Darius Vassell,Darius,Vassell,1980-06-13,England,England,13.0,F,Forward
1274,1498.0,Ramon Vega,Ramon,Vega,1971-06-14,Switzerland,Switzerland,,D,Defender
1303,175942.0,Paolo Vernazza,Paolo,Vernazza,1979-11-01,England,England,,M,Midfielder
1150,1341.0,Gianluca Vialli,Gianluca,Vialli,1964-07-09,Italy,Italy,,F,Forward
1070,2818.0,Steve Vickers,Steve,Vickers,1967-10-13,England,England,,D,Defender
1132,5746.0,Patrick Vieira,Patrick,Vieira,1976-06-23,Senegal,France,24.0,M,Centre Defensive Midfielder
1298,1535.0,Nelson Vivas,Nelson,Vivas,1969-10-18,Argentina,Argentina,,D,Defender
997,177669.0,Richard Walker,Richard,Walker,1977-11-08,England,England,,F,Forward
1644,2032.0,Jean-Guy Wallemme,Jean-Guy,Wallemme,1967-08-10,France,France,,D,Defender
922,3075.0,Ronnie Wallwork,Ronnie,Wallwork,1977-09-10,England,England,24.0,D,Defender
894,969.0,Steve Walsh,Steve,Walsh,1964-11-03,England,England,,D,Defender
1179,127475.0,Paulo Wanchope,Paulo,Wanchope,1976-07-31,Costa Rica,Costa Rica,11.0,F,Forward
932,2315.0,Ashley Ward,Ashley,Ward,1970-11-24,England,England,,F,Forward
912,16179.0,Tony Warner,Tony,Warner,1974-05-11,England,Trinidad & Tobago,34.0,G,Goalkeeper
720,4004.0,Steve Watson,Steve,Watson,1974-04-01,England,England,2.0,D,Defender
1521,94992.0,Adrian Webster,Adrian,Webster,1980-10-10,England,England,,M,Midfielder
1558,126098.0,David Weir,David,Weir,1970-05-10,Scotland,Scotland,3.0,D,Centre Central Defender
228,2071.0,David Wetherall,David,Wetherall,1971-03-14,England,England,5.0,D,Defender
245,95531.0,Noel Whelan,Noel,Whelan,1974-12-30,England,England,,F,Forward
664,1047.0,Guy Whittingham,Guy,Whittingham,1964-11-10,England,England,,F,Forward
1567,1911.0,Clyde Wijnhard,Clyde,Wijnhard,1973-11-01,Netherlands,Netherlands,,F,Forward
80,2129.0,Jason Wilcox,Jason,Wilcox,1971-07-15,England,England,,M,Midfielder
1585,55232.0,Luke Wilkshire,Luke,Wilkshire,1981-10-02,Australia,Australia,26.0,D,Full Back
1181,1378.0,Ron Willems,Ron,Willems,1966-09-20,Netherlands,Netherlands,,F,Forward
1328,13013.0,Anthony Williams,Anthony,Williams,1977-09-20,Wales,Wales,,G,Goalkeeper
796,1663.0,Danny Williamson,Danny,Williamson,1973-12-05,England,England,,M,Midfielder
1200,1407.0,Stuart Wilson,Stuart,Wilson,1977-09-16,Scotland,Scotland,,M,Midfielder
11,2514.0,Nigel Winterburn,Nigel,Winterburn,1963-12-11,England,England,,D,Defender
107,2711.0,Dennis Wise,Dennis,Wise,1966-12-16,England,England,,M,Midfielder
404,388.0,Ian Woan,Ian,Woan,1967-12-14,England,England,,M,Midfielder
1534,27424.0,Robert Wolleaston,Robert,Wolleaston,1979-12-21,England,England,,M,Midfielder
1565,58296.0,Jonathan Woodgate,Jonathan,Woodgate,1980-01-22,England,England,39.0,D,Centre Central Defender
1332,1577.0,David Worrell,David,Worrell,1978-01-12,Scotland,Scotland,,D,Defender
1643,25967.0,Darren Jackson,Darren,Jackson,1966-07-25,Scotland,Scotland,,,
252,55236.0,David James,David,James,1970-08-01,England,England,1.0,G,Goalkeeper
1381,3836.0,Matt Jansen,Matt,Jansen,1977-10-20,England,England,17.0,F,Forward
994,29875.0,Tommy Jaszczun,Tommy,Jaszczun,1977-09-16,England,England,15.0,M,Midfielder
1402,97081.0,Francis Jeffers,Francis,Jeffers,1981-01-25,England,England,9.0,F,Forward
909,96052.0,Julian Joachim,Julian,Joachim,1974-09-20,England,England,,F,Forward
1210,3642.0,Ronny Johnsen,Ronny,Johnsen,1969-06-10,Norway,Norway,25.0,D,Defender
1336,13789.0,Damien Johnson,Damien,Johnson,1978-11-18,Northern Ireland,Northern Ireland,20.0,M,Midfielder
799,1851.0,Steve Jones,Steve,Jones,1970-03-17,England,England,,M,Midfielder
1615,1983.0,Wim Jonk,Wim,Jonk,1966-10-12,Netherlands,Netherlands,,M,Midfielder
1468,1756.0,José Dominguez,José Manuel,Martins Dominguez,1974-02-16,Portugal,Portugal,,F,Forward
1453,1736.0,Junior Agogo,Manuel Junior,Agogo,1979-08-01,Ghana,Ghana,,F,Forward
1283,1512.0,Duncan Jupp,Duncan,Jupp,1975-01-25,Scotland,Scotland,,D,Defender
1195,1402.0,Pontus Kaamark,Pontus,Kaamark,1969-04-05,Sweden,Sweden,,D,Defender
1621,3445.0,Hassan Kachloul,Hassan,Kachloul,1973-02-19,Morocco,Morocco,,M,Midfielder
1502,96872.0,Kanu,Nwankwo,Kanu,1976-08-01,Nigeria,Nigeria,27.0,F,Centre Second Striker
407,110403.0,Roy Keane,Roy,Keane,1971-08-10,Ireland,Ireland,16.0,M,Midfielder
1473,176528.0,Joey Keith,Joey,Keith,1978-10-01,England,England,,D,Left Full Back
1193,110749.0,Kasey Keller,Kasey,Keller,1969-11-29,United States,United States,18.0,G,Goalkeeper
694,704.0,Gary Kelly,Gary,Kelly,1974-07-09,Ireland,Ireland,2.0,D,Defender
524,2822.0,Jeff Kenna,Jeff,Kenna,1970-08-27,Ireland,Ireland,,D,Defender
916,27849.0,Mark Kennedy,Mark,Kennedy,1976-05-15,Ireland,Ireland,39.0,D,Defender
14,110016.0,Martin Keown,Martin,Keown,1966-07-24,England,England,,D,Centre Central Defender
1439,1715.0,Temuri Ketsbaia,Temuri,Ketsbaia,1968-03-18,Georgia,Georgia,,M,Midfielder
1249,11879.0,Kevin Davies,Kevin,Davies,1977-03-26,England,England,9.0,F,Centre Striker
1049,99163.0,Harry Kewell,Harry,Kewell,1978-09-22,Australia,Australia,99.0,M,Left/Right Winger
93,89.0,Dmitri Kharin,Dmitri,Kharin,1968-08-16,Russia,Russia,,G,Goalkeeper
807,846.0,Alan Kimble,Alan,Kimble,1966-06-08,England,England,,D,Defender
1221,1429.0,Vladimir Kinder,Vladimir,Kinder,1969-03-09,Slovakia,Slovakia,,D,Defender
1627,2004.0,Ledley King,Ledley,King,1980-10-12,England,England,26.0,D,Centre Central Defender
1520,2808.0,Mark Kinsella,Mark,Kinsella,1972-08-12,Ireland,Ireland,,M,Midfielder
1572,122390.0,Frode Kippe,Frode,Kippe,1978-01-17,Norway,Norway,13.0,D,Central Defender
1359,30706.0,Chris Kirkland,Chris,Kirkland,1981-05-02,England,England,0.0,G,Goalkeeper
928,1508.0,Paul Kitson,Paul,Kitson,1971-01-09,England,England,,F,Forward
1387,96718.0,Richard Knight,Richard,Knight,1979-08-03,England,England,,G,Goalkeeper
1515,91545.0,Paul Konchesky,Paul,Konchesky,1981-05-15,England,England,,D,Left Full Back
1539,1876.0,Mohammed Konjic,Mohammed,Konjic,1970-05-14,Bosnia & Herzegovina,Bosnia & Herzegovina,,D,Defender
1645,2221.0,Willem Korsten,Willem,Korsten,1975-01-21,Netherlands,Netherlands,,M,Midfielder
1388,176123.0,Robert Kozluk,Robert,Kozluk,1977-08-05,England,England,24.0,D,Defender
1204,175314.0,Bjorn Tore Kvarme,Bjorn Tore,Kvarme,1972-06-17,Norway,Norway,26.0,D,Defender
1352,1603.0,Bernard Lambourde,Bernard,Lambourde,1971-05-11,Guadeloupe,France,,D,Defender
800,143319.0,Frank Lampard,Frank,Lampard,1978-06-20,England,England,8.0,M,Attacking Midfielder
1641,2029.0,Brian Laudrup,Brian,Laudrup,1969-02-22,Denmark,Denmark,,F,Forward
872,1891.0,Brian Launders,Brian,Launders,1976-06-08,Ireland,Ireland,,M,Midfielder
1169,2706.0,Jacob Laursen,Jacob,Laursen,1971-10-06,Denmark,Denmark,,D,Defender
1114,2841.0,Stan Lazaridis,Stan,Lazaridis,1972-08-16,Australia,Australia,11.0,M,Midfielder
70,119188.0,Graeme Le Saux,Graeme,Le Saux,1968-10-17,England,England,,D,Defender
533,513.0,Matthew Le Tissier,Matthew,Le Tissier,1968-10-14,England,England,,M,Midfielder
1477,1772.0,Carl Leaburn,Carl,Leaburn,1969-03-30,England,England,,M,Midfielder
1148,1339.0,Frank Leboeuf,Frank,Leboeuf,1968-01-22,France,France,,D,Defender
996,11171.0,Alan Lee,Alan,Lee,1978-08-21,Ireland,Ireland,29.0,F,Centre Striker
1199,278339.0,Neil Lennon,Neil,Lennon,1971-06-25,Northern Ireland,Northern Ireland,18.0,M,Midfielder
973,2810.0,Oyvind Leonhardsen,Oyvind,Leonhardsen,1970-08-17,Norway,Norway,,M,Midfielder
1192,1396.0,Derek Lilley,Derek,Lilley,1974-02-09,England,England,,F,Forward
1529,261158.0,Kevin Lisbie,Kevin,Lisbie,1978-10-17,England,Jamaica,10.0,F,Centre Striker
1497,110400.0,Freddie Ljungberg,Freddie,Ljungberg,1977-04-16,Sweden,Sweden,8.0,M,Midfielder
293,1505.0,Steve Lomas,Steve,Lomas,1974-01-18,Germany,Northern Ireland,,M,Midfielder
1603,1964.0,Mathieu Louis-Jean,Mathieu,Louis-Jean,1976-02-22,France,France,2.0,D,Defender
1306,111470.0,Luís Boa Morte,Luís,Boa Morte Pereira,1977-08-04,Portugal,Portugal,,M,Midfielder
225,1320.0,John Lukic,John,Lukic,1960-12-11,England,England,,G,Goalkeeper
1246,1458.0,Claus Lundekvam,Claus,Lundekvam,1973-02-22,Norway,Norway,5.0,D,Defender
936,29098.0,Des Lyttle,Des,Lyttle,1971-09-24,England,England,15.0,D,Defender
1524,20103.0,Charlie MacDonald,Charlie,MacDonald,1981-02-13,England,England,,F,Forward
1403,1666.0,Mickaël Madar,Mickaël,Madar,1968-05-08,France,France,,F,Forward
530,1937.0,Neil Maddison,Neil,Maddison,1969-10-02,England,England,,M,Midfielder
757,2388.0,Jim Magilton,Jim,Magilton,1969-05-06,Northern Ireland,Northern Ireland,7.0,M,Midfielder
1296,140673.0,Alexander Manninger,Alexander,Manninger,1977-06-04,Austria,Austria,13.0,G,Goalkeeper
1511,1829.0,Dario Marcolin,Dario,Marcolin,1971-10-28,Italy,Italy,,M,Midfielder
1630,2009.0,Javier Margas,Javier,Margas,1969-05-10,Chile,Chile,,D,Defender
1596,279027.0,Silvio Maric,Silvio,Maric,1975-03-20,Croatia,Croatia,23.0,M,Midfielder
1625,11377.0,Alan Marriott,Alan,Marriott,1978-03-09,England,England,1.0,G,Goalkeeper
812,1994.0,Chris Marsden,Chris,Marsden,1969-01-03,England,England,,M,Midfielder
426,2782.0,Ian Marshall,Ian,Marshall,1966-03-20,England,England,,D,Defender
146,3209.0,Nigel Martyn,Nigel,Martyn,1966-08-11,England,England,25.0,G,Goalkeeper
1556,105011.0,Marco Materazzi,Marco,Materazzi,1973-08-19,Italy,Italy,23.0,D,Centre Central Defender
259,5078.0,Dominic Matteo,Dominic,Matteo,1974-04-28,Scotland,Scotland,,D,Defender
1411,2414.0,Matthew Jones,Matthew,Jones,1980-09-01,Wales,Wales,17.0,M,Midfielder
1414,1679.0,Lee Matthews,Lee,Matthews,1979-01-16,England,England,,F,Forward
1648,2039.0,Jesper Mattsson,Jesper,Mattsson,1968-04-18,Sweden,Sweden,,D,Defender
67,1004.0,David May,David,May,1970-06-24,England,England,,D,Defender
1046,30368.0,Alan Maybury,Alan,Maybury,1978-08-08,Ireland,Ireland,2.0,D,Defender
238,2428.0,Gary McAllister,Gary,McAllister,1964-12-25,Scotland,Scotland,,M,Midfielder
1052,2757.0,Jason McAteer,Jason,McAteer,1971-06-18,Ireland,Ireland,,M,Midfielder
1525,176972.0,Mark McCammon,Mark,McCammon,1978-08-07,Barbados,Barbados,33.0,F,Forward
1042,4538.0,Gavin McCann,Gavin,McCann,1978-01-10,England,England,,M,Centre Central Midfielder
1438,1714.0,Jamie McClen,Jamie,McClen,1979-05-13,England,England,,M,Midfielder
413,397.0,Paul McGregor,Paul,McGregor,1974-12-17,England,England,,F,Forward
1448,1731.0,Mark McKeever,Mark,McKeever,1978-11-16,Northern Ireland,Ireland,,M,Midfielder
1003,3583.0,Billy McKinlay,Billy,McKinlay,1969-04-22,Scotland,Scotland,,M,Midfielder
900,977.0,Sam McMahon,Sam,McMahon,1976-02-10,England,England,,M,Midfielder
271,3287.0,Steve McManaman,Steve,McManaman,1972-02-11,England,England,,M,Midfielder
1509,96805.0,David McNamee,David,McNamee,1980-10-10,Scotland,Scotland,16.0,D,Defender
1407,112547.0,Stephen McPhail,Stephen,McPhail,1979-12-09,Ireland,Ireland,37.0,M,Midfielder
1542,117130.0,Gary McSheffrey,Gary,McSheffrey,1982-08-13,England,England,10.0,F,Left Winger
1278,98252.0,Paul McVeigh,Paul,McVeigh,1977-12-06,Northern Ireland,Northern Ireland,,F,Forward
1113,1506.0,Scott Mean,Scott,Mean,1973-12-13,England,England,,M,Midfielder
1506,1817.0,Gavin Melaugh,Gavin,Melaugh,1981-07-09,Northern Ireland,Northern Ireland,,M,Midfielder
1232,1442.0,Stephen Melton,Stephen,Melton,1978-10-03,England,England,,M,Midfielder
1304,1541.0,Alberto Mendez,Alberto,Mendez,1974-10-24,Germany,Germany,,M,Midfielder
1527,1863.0,Clive Mendonca,Clive,Mendonca,1968-09-09,England,England,,F,Forward
