id,playerId,Display Name,First Name,Last Name,Birth Date,Birth Place,National Team,Shirt Num,Position,Position Info
2116,141689.0,Juan Sebastián Verón,Juan Sebastián,Verón,1975-03-09,Argentina,Argentina,11.0,M,Centre Central Midfielder
2903,173740.0,Bjarni Vidarsson,Bjarni,Vidarsson,1988-03-05,Iceland,Iceland,26.0,M,Midfielder
2935,17798.0,Nemanja Vidic,Nemanja,Vidic,1981-10-21,Yugoslavia,Serbia,15.0,D,Centre Central Defender
1909,4712.0,Mark Viduka,Mark,Viduka,1975-10-09,Australia,Australia,36.0,F,Forward
1830,125080.0,Moritz Volz,Moritz,Volz,1983-01-21,Germany,Germany,2.0,D,Left/Right Full Back
2839,277556.0,Theo Walcott,Theo,Walcott,1989-03-16,England,England,32.0,F,Right Winger
544,3823.0,Ian Walker,Ian,Walker,1971-10-31,England,England,12.0,G,Goalkeeper
2269,261317.0,Simon Walton,Simon,Walton,1987-09-13,England,England,4.0,M,Midfielder
912,16179.0,Tony Warner,Tony,Warner,1974-05-11,England,Trinidad & Tobago,34.0,G,Goalkeeper
2279,93980.0,Stephen Warnock,Stephen,Warnock,1981-12-12,England,England,15.0,D,Left Full Back
3031,4057.0,Joey Waterhouse,Joey,Waterhouse,1988-10-10,England,England,36.0,D,Defender
3117,176672.0,Adam Watts,Adam,Watts,1988-03-04,England,England,,D,Defender
1725,20001.0,Danny Webber,Danny,Webber,1981-12-28,England,England,,F,Forward
3284,10576.0,Andy Webster,Andy,Webster,1982-04-23,Scotland,Scotland,4.0,D,Centre Central Defender
3220,294045.0,Sam Wedgbury,Sam,Wedgbury,1989-02-26,England,England,,M,Central Midfielder
1558,126098.0,David Weir,David,Weir,1970-05-10,Scotland,Scotland,3.0,D,Centre Central Defender
2221,261176.0,Myles Weston,Myles,Weston,1988-03-12,Antigua & Barbuda,Antigua & Barbuda,11.0,M,Midfielder
2749,161184.0,David Wheater,David,Wheater,1987-02-14,England,England,31.0,D,Centre Central Defender
2171,48281.0,Peter Whittingham,Peter,Whittingham,1984-09-08,England,England,11.0,M,Left/Centre Central Midfielder
2850,176434.0,Sam Williams,Sam,Williams,1987-06-09,England,England,7.0,F,Forward
3260,57311.0,Lee Williamson,Lee,Williamson,1982-06-07,England,Jamaica,7.0,M,Central Midfielder
1565,58296.0,Jonathan Woodgate,Jonathan,Woodgate,1980-01-22,England,England,39.0,D,Centre Central Defender
3105,294197.0,Michael Woods,Michael,Woods,1990-04-06,England,England,,M,Midfielder
3100,19376.0,Harry Worley,Harry,Worley,1988-11-25,England,England,4.0,D,Centre Central Defender
878,25111.0,Richard Wright,Richard,Wright,1977-11-05,England,England,,G,Goalkeeper
2719,15843.0,Xabi Alonso,Xabier,Alonso Olano,1981-11-25,Spain,Spain,14.0,M,Centre Central Midfielder
2553,43839.0,Yakubu,Yakubu,Aiyegbeni,1982-11-22,Nigeria,Nigeria,22.0,F,Striker
2360,167262.0,Mark Yeates,Mark,Yeates,1985-01-11,Ireland,Ireland,17.0,M,Winger
2239,11596.0,Joseph Yobo,Joseph,Yobo,1980-09-06,Nigeria,Nigeria,26.0,D,Centre/Right Central Defender
2218,16484.0,Kelly Youga,Kelly,Youga,1985-09-22,Central African Republic,Central African Republic,32.0,D,Defender
3062,94798.0,Ashley Young,Ashley,Young,1985-07-09,England,England,18.0,D,Left/Right Wing Back
3115,167075.0,Gabriel Zakuani,Gabriel,Zakuani,1986-05-31,DR Congo,DR Congo,34.0,D,Centre Central Defender
2603,18814.0,Bobby Zamora,Bobby,Zamora,1981-01-16,England,England,25.0,F,Centre Striker
2056,5471.0,Boudewijn Zenden,Boudewijn,Zenden,1976-08-15,Netherlands,Netherlands,7.0,M,Left/Centre Central Midfielder
3096,109163.0,Zheng Zhi,Zhi,Zheng,1980-08-20,China,China,10.0,M,Centre Defensive Midfielder
2811,279902.0,Reto Ziegler,Reto,Ziegler,1986-01-16,Switzerland,Switzerland,3.0,D,Centre Central Defender
3243,126610.0,Didier Zokora,Didier,Zokora,1980-12-14,Cote D’Ivoire,Cote D’Ivoire,5.0,M,Centre Central Midfielder
2917,133852.0,Jack Hobbs,Jack,Hobbs,1988-08-18,England,England,5.0,D,Centre Central Defender
3077,4134.0,Bryan Hodge,Bryan,Hodge,1987-09-23,Scotland,Scotland,31.0,M,Midfielder
1898,128607.0,Matt Holland,Matt,Holland,1974-04-11,Ireland,Ireland,9.0,M,Centre Central Midfielder
2196,96834.0,Geoff Horsfield,Geoff,Horsfield,1973-11-01,England,England,28.0,F,Forward
3217,19355.0,Evan Horwood,Evan,Horwood,1986-03-10,England,England,32.0,D,Defender
3276,19218.0,Will Hoskins,Will,Hoskins,1986-05-06,England,England,16.0,F,Centre Striker
2993,108983.0,Hossam Ghaly,Hossam,El Sayed Ghaly,1981-12-15,Egypt,Egypt,14.0,M,Centre Central Midfielder
2516,141554.0,Tim Howard,Tim,Howard,1979-03-06,United States,United States,1.0,G,Goalkeeper
2163,144722.0,Justin Hoyte,Justin,Hoyte,1984-11-20,England,,32.0,D,Right Full Back
1371,176377.0,Hermann Hreidarsson,Hermann,Hreidarsson,1974-07-11,Iceland,Iceland,5.0,D,Defender
2991,6697.0,Tom Huddlestone,Tom,Huddlestone,1986-12-28,England,England,23.0,M,Centre Central Midfielder
1230,122564.0,Aaron Hughes,Aaron,Hughes,1979-11-08,Northern Ireland,Northern Ireland,3.0,D,Centre Central Defender
2830,6109.0,Robert Hulse,Robert,Hulse,1979-10-25,England,England,34.0,F,Centre Striker
2031,261185.0,Nicky Hunt,Nicky,Hunt,1983-09-03,England,England,,D,Central Defender
2953,11866.0,Paul Huntington,Paul,Huntington,1987-09-17,England,England,23.0,D,Centre Central Defender
3303,12149.0,Kevan Hurst,Kevan,Hurst,1985-08-27,England,England,7.0,M,Left/Centre/Right Attacking Midfielder
3099,268106.0,Sam Hutchinson,Sam,Hutchinson,1989-08-03,England,England,5.0,M,Centre Central Midfielder
2053,131515.0,Robert Huth,Robert,Huth,1984-08-18,Germany,Germany,,D,Defender
1710,2140.0,Sami Hyypiä,Sami,Hyypiä,1973-10-07,Finland,Finland,4.0,D,Defender
2924,97330.0,Besian Idrizaj,Besian,Idrizaj,1987-10-12,Austria,Austria,,F,Forward
2806,176864.0,Philip Ifil,Philip,Ifil,1986-11-18,England,England,,D,Defender
3302,4461.0,Paul Ifill,Paul,Ifill,1979-10-20,Barbados,Barbados,,M,Midfielder
3209,4312.0,Viktor Unnar Illugason,Viktor Unnar,Illugason,1990-01-25,Iceland,Iceland,37.0,F,Forward
2604,178415.0,Ivar Ingimarsson,Ivar,Ingimarsson,1977-08-20,Iceland,Iceland,4.0,D,Defender
2928,139710.0,Stephen Ireland,Stephen,Ireland,1986-08-22,Ireland,Ireland,17.0,M,Centre Central Midfielder
3142,122274.0,Andreas Isaksson,Andreas,Isaksson,1981-10-03,Sweden,Sweden,15.0,G,Goalkeeper
2208,2862.0,Ivan Campo,Ivan,Campo,1974-02-21,Spain,Spain,8.0,M,Midfielder
1342,20384.0,Jussi Jääskeläinen,Jussi,Jääskeläinen,1975-04-19,Finland,Finland,22.0,G,Goalkeeper
177,4052.0,Matt Jackson,Matt,Jackson,1971-10-19,England,England,4.0,D,Defender
3222,300740.0,Phil Jagielka,Phil,Jagielka,1982-08-17,England,England,19.0,D,Centre Central Defender
3118,94823.0,Chris James,Chris,James,1987-07-04,New Zealand,New Zealand,,M,Midfielder
3085,4144.0,Scott Jamieson,Scott,Jamieson,1988-10-12,Australia,Australia,46.0,D,Defender
3237,176115.0,Oscar Jansson,Oscar,Jansson,1990-12-23,Sweden,Sweden,31.0,G,Goalkeeper
3304,176227.0,Albert Jarrett,Albert,Jarrett,1984-10-23,Sierra Leone,Sierra Leone,,M,Midfielder
2199,12337.0,Jay McEveley,James,McEveley,1985-02-11,Scotland,Scotland,6.0,D,Left/Centre Full Back
1402,97081.0,Francis Jeffers,Francis,Jeffers,1981-01-25,England,England,9.0,F,Forward
2127,124631.0,Jermaine Jenas,Jermaine,Jenas,1983-02-18,England,England,16.0,M,Centre Central Midfielder
2294,100304.0,Niclas Jensen,Niclas,Jensen,1974-08-17,Denmark,Denmark,3.0,D,Left Full Back
3002,42478.0,Jimmy Walker,James,Walker,1973-07-09,England,England,23.0,G,Goalkeeper
1952,2479.0,Joseph-Desire Job,Joseph-Desire,Job,1977-12-01,Cameroon,Cameroon,16.0,F,Forward
3074,288651.0,Joe Garner,Joe,Garner,1988-04-12,England,England,14.0,F,Centre Striker
3307,292965.0,Joel Grant,Joel,Grant,1987-08-26,England,Jamaica,20.0,M,Midfielder
3033,123852.0,Andreas Johansson,Andreas,Johansson,1978-07-05,Sweden,Sweden,8.0,M,Midfielder
2226,2885.0,Alistair John,Alistair,John,1987-11-23,England,England,31.0,M,Midfielder
3102,189078.0,John Obi Mikel,Mikel John,Obi,1987-04-22,Nigeria,Nigeria,13.0,M,Centre Central Midfielder
2148,20168.0,Glen Johnson,Glen,Johnson,1984-08-23,England,England,8.0,D,Left/Right Full Back
2863,27491.0,Zac Jones,Zac,Jones,1988-11-24,England,England,21.0,G,Goalkeeper
1929,10889.0,Stephen Jordan,Stephen,Jordan,1982-03-06,England,England,4.0,D,Left Full Back
3299,16399.0,Pierre Joseph-Dubois,Pierre,Joseph-Dubois,1988-02-12,France,France,7.0,M,Winger
3050,53180.0,Julio Baptista,Julio César,Pereira Baptista,1981-10-01,Brazil,Brazil,,F,Centre Striker
3306,4469.0,Junior,Junior,Juinor,1976-07-20,Brazil,Brazil,,F,Forward
3273,26464.0,Steve Kabba,Steve,Kabba,1981-03-07,England,England,9.0,F,Forward
3107,48805.0,Salomon Kalou,Salomon,Kalou,1985-08-05,Cote D’Ivoire,Cote D’Ivoire,8.0,M,Left/Centre/Right Attacking Midfielder
3255,4386.0,Sheku Kamara,Sheku,Kamara,1987-11-15,England,England,32.0,D,Defender
1502,96872.0,Kanu,Nwankwo,Kanu,1976-08-01,Nigeria,Nigeria,27.0,F,Centre Second Striker
3018,8809.0,Yaniv Katan,Yaniv,Katan,1981-01-27,Israel,Israel,20.0,F,Centre Striker
358,26864.0,Graham Kavanagh,Graham,Kavanagh,1973-12-02,Ireland,Ireland,8.0,M,Midfielder
3227,259462.0,Colin Kazim-Richards,Colin,Kazim-Richards,1986-08-26,England,Turkey,13.0,F,Centre Striker
3081,4140.0,Przemyslaw Kazimierczak,Przemyslaw,Kazimierczak,1988-02-22,Poland,Poland,,G,Goalkeeper
1692,6225.0,Robbie Keane,Robbie,Keane,1980-07-08,Ireland,Ireland,20.0,F,Centre Second Striker
3110,4183.0,Alan Kearney,Alan,Kearney,1987-09-22,Ireland,Ireland,,M,Midfielder
3075,4132.0,Mamadi Keita,Mamadi,Keita,1989-11-14,Germany,Germany,,M,Midfielder
2753,167585.0,Jason Kennedy,Jason,Kennedy,1986-09-11,England,England,28.0,M,Centre Central Midfielder
3210,30850.0,Paddy Kenny,Paddy,Kenny,1978-05-17,Ireland,Ireland,13.0,G,Goalkeeper
3282,102666.0,Kepa,Kepa,Blanco González,1984-01-13,Spain,Spain,17.0,F,Centre Striker
3219,167569.0,Lloyd Kerry,Lloyd,Kerry,1988-07-22,England,England,17.0,M,Right Winger
1249,11879.0,Kevin Davies,Kevin,Davies,1977-03-26,England,England,9.0,F,Centre Striker
1049,99163.0,Harry Kewell,Harry,Kewell,1978-09-22,Australia,Australia,99.0,M,Left/Right Winger
2866,122312.0,Zurab Khizanishvili,Zurab,Khizanishvili,1981-10-06,Georgia,Georgia,14.0,D,Defender
1848,5145.0,Dean Kiely,Dean,Kiely,1970-10-10,Ireland,Ireland,40.0,G,Goalkeeper
1757,178305.0,Kevin Kilbane,Kevin,Kilbane,1977-02-01,Ireland,Ireland,26.0,M,Midfielder
2260,294044.0,Matthew Kilgallon,Matthew,Kilgallon,1984-01-08,England,England,,D,Centre Central Defender
1627,2004.0,Ledley King,Ledley,King,1980-10-12,England,England,26.0,D,Centre Central Defender
2665,14658.0,Gábor Király,Gábor,Király,1976-04-01,Hungary,Hungary,1.0,G,Goalkeeper
1359,30706.0,Chris Kirkland,Chris,Kirkland,1981-05-02,England,England,0.0,G,Goalkeeper
1850,26684.0,Radostin Kishishev,Radostin,Kishishev,1974-07-30,Bulgaria,Bulgaria,25.0,M,Midfielder
3207,11727.0,Dave Kitson,Dave,Kitson,1980-01-21,England,England,8.0,F,Centre Striker
2075,16835.0,Zat Knight,Zat,Knight,1980-05-02,England,England,24.0,D,Centre Central Defender
2002,32441.0,Kolo Touré,Kolo,Touré,1981-03-19,,,2.0,D,Centre Central Defender
1515,91545.0,Paul Konchesky,Paul,Konchesky,1981-05-15,England,England,,D,Left Full Back
2963,3953.0,Ognjen Koroman,Ognjen,Koroman,1978-09-19,Serbia,Serbia,17.0,M,Midfielder
1388,176123.0,Robert Kozluk,Robert,Kozluk,1977-08-05,England,England,24.0,D,Defender
3180,11895.0,Niko Kranjcar,Niko,Kranjcar,1984-08-13,Croatia,Croatia,19.0,M,Left/Centre/Right Attacking Midfielder
2915,99550.0,Jan Kromkamp,Jan,Kromkamp,1980-08-17,Netherlands,Netherlands,19.0,D,Right Full Back
3169,133649.0,Tim Krul,Tim,Krul,1988-04-03,Netherlands,Netherlands,1.0,G,Goalkeeper
3288,4436.0,Tomasz Kupisz,Tomasz,Kupisz,1990-01-02,Poland,Poland,28.0,M,Left/Right Winger
2870,177216.0,Shefki Kuqi,Shefki,Kuqi,1976-11-10,Kosovo,Finland,32.0,F,Forward
2818,18638.0,Tomasz Kuszczak,Tomasz,Kuszczak,1982-03-20,Poland,Poland,29.0,G,Goalkeeper
3135,122010.0,Dirk Kuyt,Dirk,Kuyt,1980-07-22,Netherlands,Netherlands,7.0,M,Centre/Right Attacking Midfielder
3150,20466.0,Marc Laird,Marc,Laird,1986-01-23,Scotland,Scotland,8.0,M,Midfielder
800,143319.0,Frank Lampard,Frank,Lampard,1978-06-20,England,England,8.0,M,Attacking Midfielder
3286,113010.0,Denny Landzaat,Denny,Landzaat,1976-05-06,Netherlands,Netherlands,23.0,M,Midfielder
3049,277645.0,Henri Lansbury,Henri,Lansbury,1990-10-12,England,England,23.0,M,Centre Central Midfielder
2613,153110.0,Sebastian Larsson,Sebastian,Larsson,1985-06-06,Sweden,Sweden,7.0,M,Centre Central Midfielder
3113,52809.0,Jan Lastuvka,Jan,Lastuvka,1982-07-07,Czech Republic,Czech Republic,16.0,G,Goalkeeper
1831,4266.0,Lauren,Laureano,Bisan Etame-Mayer,1977-01-19,Cameroon,Cameroon,4.0,D,Defender
2619,3462.0,Martin Laursen,Martin,Laursen,1977-07-26,Denmark,Denmark,5.0,D,Defender
2287,140236.0,Anthony Le Tallec,Anthony,Le Tallec,1984-10-03,France,France,9.0,F,Centre Second Striker
3162,267008.0,Kieran Lee,Kieran,Lee,1988-06-22,England,England,20.0,M,Centre Central Midfielder
3167,109776.0,Lee Dong-Gook,Dong-Gook,Lee,1979-04-29,South Korea,South Korea,,F,Centre Striker
3202,16958.0,Aaron Brown,Aaron,Brown,1983-06-23,England,England,,D,Defender
3082,41593.0,Abdoulaye Méité,Abdoulaye,Meite,1980-10-06,,,40.0,D,Defender
3146,17850.0,Djamel Abdoun,Djamel,Abdoun,1986-02-14,France,Algeria,93.0,M,Midfielder
1701,4079.0,Abel Xavier,Abel Luís,da Silva Costa Xavier,1972-11-30,Portugal,Portugal,17.0,D,Defender
2840,24339.0,Abou Diaby,Vassiriki,Abou Diaby,1986-05-11,France,France,5.0,M,Centre Central Midfielder
3024,25968.0,Dariusz Adamczuk,Dariusz,Adamczuk,1969-10-21,Poland,Poland,,,
2845,52642.0,Emmanuel Adebayor,Emmanuel,Adebayor,1984-02-26,Togo,Togo,10.0,F,Centre Striker
3294,4445.0,Didier Agathe,Didier,Agathe,1975-08-16,France,France,17.0,M,Midfielder
2622,39503.0,Gabriel Agbonlahor,Gabriel,Agbonlahor,1986-10-13,England,England,,F,Left/Centre Striker
2916,119508.0,Daniel Agger,Daniel,Agger,1984-12-12,Denmark,Denmark,22.0,D,Defender
3291,99732.0,Julius Aghahowa,Julius,Aghahowa,1982-02-12,Nigeria,Nigeria,72.0,F,Centre Striker
3224,91752.0,Ahmed Fathy,Ahmed Fathi,Ahmed Ibrahim,1984-11-10,Egypt,Egypt,24.0,D,Defender
3133,52453.0,Astrit Ajdarevic,Astrit,Ajdarevic,1990-04-17,Kosovo,Albania,6.0,M,Centre Central Midfielder
734,28290.0,Ade Akinbiyi,Ade,Akinbiyi,1974-10-10,Nigeria,Nigeria,,F,Forward
3262,20091.0,Al Bangura,Alhassan,Bangura,1988-01-24,Sierra Leone,Sierra Leone,,M,Midfielder
2655,114973.0,Alex,Alex Rodrigo,Dias da Costa,1982-06-17,Brazil,Brazil,33.0,D,Centre Central Defender
2871,166127.0,Ali Al Habsi,Ali Abdullah,Harib Al Habsi,1981-12-30,Oman,Oman,,G,Goalkeeper
1656,96529.0,Jérémie Aliadière,Jérémie,Aliadière,1983-03-30,France,France,10.0,F,Forward
2607,12484.0,Manuel Almunia,Manuel,Almunia,1977-05-19,Spain,Spain,1.0,G,Goalkeeper
2972,39264.0,Ben Alnwick,Ben,Alnwick,1987-01-01,England,England,1.0,G,Goalkeeper
2093,19031.0,Darren Ambrose,Darren,Ambrose,1984-02-29,England,England,28.0,M,Centre/Right Central Midfielder
2547,29889.0,Amdy Faye,Amdy,Faye,1977-03-12,Senegal,Senegal,,M,Midfielder
2215,17562.0,Stephan Andersen,Stephan,Andersen,1981-11-26,Denmark,Denmark,1.0,G,Goalkeeper
2922,219730.0,Paul Anderson,Paul,Anderson,1988-07-23,England,England,44.0,M,Left/Right Winger
3112,94842.0,Anderson Silva,Anderson,Silva de França,1982-08-28,Brazil,Brazil,15.0,M,Midfielder
1135,6786.0,Nicolas Anelka,Nicolas,Anelka,1979-03-14,France,France,39.0,F,Centre Striker
1843,2308.0,Juan Pablo Ángel,Juan Pablo,Ángel,1975-10-24,Colombia,Colombia,9.0,F,Forward
2905,38829.0,Victor Anichebe,Victor,Anichebe,1988-04-23,Nigeria,Nigeria,28.0,F,Centre Striker
1771,12053.0,Anthony Gardner,Anthony,Gardner,1980-09-19,England,England,4.0,D,Centre Central Defender
2914,3888.0,Godwin Antwi,Godwin,Antwi,1988-06-07,Ghana,Ghana,,D,Defender
3127,57705.0,Álvaro Arbeloa,Álvaro,Arbeloa,1983-01-17,Spain,Spain,5.0,D,Right Full Back
1972,4250.0,Julio Arca,Julio,Arca,1981-01-31,Argentina,Argentina,20.0,M,Midfielder
3213,96926.0,Chris Armstrong,Chris,Armstrong,1982-08-05,Scotland,Scotland,33.0,D,Defender
2704,5905.0,Mikel Arteta,Mikel,Arteta,1982-03-26,Spain,Spain,8.0,M,Left/Centre/Right Central Midfielder
1999,14965.0,Jamie Ashdown,Jamie,Ashdown,1980-11-30,England,England,18.0,G,Goalkeeper
3042,178071.0,Moses Ashikodi,Moses,Ashikodi,1987-06-27,Antigua & Barbuda,Antigua & Barbuda,,F,Forward
3228,4344.0,James Ashmore,James,Ashmore,1986-03-02,England,England,35.0,M,Midfielder
2873,91204.0,Sam Ashton,Sam,Ashton,1986-10-09,England,England,,G,Goalkeeper
3239,24719.0,Benoit Assou-Ekotto,Benoit,Assou-Ekotto,1984-03-24,France,Cameroon,32.0,D,Left Wing Back
2875,3828.0,Blazej Augustyn,Blazej,Augustyn,1988-01-26,Poland,Poland,44.0,D,Defender
3250,4375.0,Cedric Avinel,Cedric,Avinel,1986-09-11,Guadeloupe,Guadeloupe,,D,Defender
1145,3643.0,Celestine Babayaro,Celestine,Babayaro,1978-08-29,Nigeria,Nigeria,33.0,D,Defender
3030,4600.0,Leighton Baines,Leighton,Baines,1984-12-11,England,England,3.0,D,Left Full Back
1185,179062.0,Michael Ball,Michael,Ball,1979-10-02,England,England,16.0,D,Left Full Back
3103,126372.0,Michael Ballack,Michael,Ballack,1976-09-26,Germany,Germany,13.0,M,Centre Central Midfielder
3055,120969.0,Nacer Barazite,Nacer,Barazite,1990-05-27,Netherlands,Netherlands,,F,Centre/Right Striker
3246,18512.0,Andy Barcham,Andy,Barcham,1986-12-16,England,England,17.0,F,Centre Striker
2517,51275.0,Phil Bardsley,Phil,Bardsley,1985-06-28,Scotland,Scotland,26.0,D,Right Full Back
3078,4135.0,Keith Barker,Keith,Barker,1986-10-21,England,England,,F,Forward
2361,91199.0,Lee Barnard,Lee,Barnard,1984-07-18,England,England,,F,Forward
3161,16205.0,Michael Barnes,Michael,Barnes,1988-06-24,England,England,,M,Midfielder
2111,34396.0,Milan Baros,Milan,Baros,1981-10-28,Czech Republic,Czech Republic,27.0,F,Forward
1308,52234.0,Gareth Barry,Gareth,Barry,1981-02-23,England,England,18.0,M,Centre Central Midfielder
2303,42211.0,Joey Barton,Joey,Barton,1982-09-02,England,England,19.0,M,Centre Central Midfielder
2527,14693.0,Matthew Bates,Matthew,Bates,1986-12-10,England,England,26.0,D,Centre Central Defender
3152,141943.0,DaMarcus Beasley,DaMarcus,Beasley,1982-05-24,United States,United States,7.0,D,Left Full Back
1005,9736.0,James Beattie,James,Beattie,1978-02-27,England,England,21.0,F,Centre Striker
2537,282076.0,Asmir Begovic,Asmir,Begovic,1987-06-20,Bosnia & Herzegovina,Bosnia & Herzegovina,15.0,G,Goalkeeper
1869,6618.0,Craig Bellamy,Craig,Bellamy,1979-07-13,Wales,Wales,39.0,F,Left/Centre/Right Striker
3060,4114.0,Damian Bellon,Damian,Bellon,1989-08-28,Switzerland,Switzerland,,M,Midfielder
2645,263214.0,Tal Ben Haim,Tal,Ben Haim,1982-03-31,Israel,Israel,26.0,D,Defender
3013,263226.0,Yossi Benayoun,Yossi,Benayoun,1980-05-05,Israel,Israel,15.0,M,Midfielder
2844,167192.0,Nicklas Bendtner,Nicklas,Bendtner,1988-01-16,Denmark,Denmark,32.0,F,Centre Striker
2969,156368.0,Benjani,Benjamin,Mwaruwari,1978-08-13,Zimbabwe,Zimbabwe,25.0,F,Forward
3190,9746.0,Alan Bennett,Alan,Bennett,1981-10-04,Ireland,Ireland,6.0,D,Centre Central Defender
3080,111287.0,Benni McCarthy,Benedict,McCarthy,1977-11-12,South Africa,South Africa,,F,Forward
1382,30144.0,Marcus Bent,Marcus,Bent,1978-05-19,England,England,37.0,F,Forward
2009,179093.0,David Bentley,David,Bentley,1984-08-27,England,England,8.0,M,Left/Centre/Right Attacking Midfielder
3247,24464.0,Dimitar Berbatov,Dimitar,Berbatov,1981-01-30,Bulgaria,Bulgaria,10.0,F,Centre Striker
1205,100429.0,Patrik Berger,Patrik,Berger,1973-11-10,Czech Republic,Czech Republic,8.0,M,Left/Right Winger
1955,2482.0,Olivier Bernard,Olivier,Bernard,1979-10-14,France,France,34.0,D,Defender
3071,27957.0,Bruno Berner,Bruno,Berner,1977-11-21,Switzerland,Switzerland,15.0,D,Defender
2886,281358.0,Ryan Bertrand,Ryan,Bertrand,1989-08-05,England,England,5.0,D,Left Full Back
3189,43729.0,André Bikey,André,Bikey,1985-01-08,Cameroon,Cameroon,39.0,D,Centre Central Defender
3259,11778.0,Dominic Blizzard,Dominic,Blizzard,1983-09-02,England,England,11.0,M,Central Midfielder
1361,177168.0,George Boateng,George,Boateng,1975-09-05,Netherlands,Netherlands,6.0,M,Midfielder
2421,48404.0,Bobby Olejnik,Robert,Olejnik,1986-11-26,Austria,Austria,12.0,G,Goalkeeper
2463,102820.0,Carlos Bocanegra,Carlos,Bocanegra,1979-05-25,United States,United States,2.0,D,Left Full Back
3095,153741.0,Christian Bolaños,Christian,Bolaños,1984-05-17,Costa Rica,Costa Rica,2.0,M,Right Attacking Midfielder
2881,3835.0,Jared Borgetti,Jared,Borgetti,1973-08-14,Mexico,Mexico,,F,Forward
3274,102833.0,Hameur Bouazza,Hameur,Bouazza,1985-02-22,Algeria,Algeria,19.0,M,Left/Right Winger
3093,126105.0,Madjid Bougherra,Madjid,Bougherra,1982-10-07,France,Algeria,24.0,D,Centre Central Defender
3098,17635.0,Khalid Boulahrouz,Khalid,Boulahrouz,1981-12-28,Netherlands,Netherlands,23.0,D,Right Full Back
2846,113498.0,Wilfred Bouma,Wilfred,Bouma,1978-06-15,Netherlands,Netherlands,5.0,D,Defender
2754,126068.0,Jean-Alain Boumsong,Jean-Alain,Boumsong,1979-12-14,France,France,4.0,D,Centre Central Defender
1190,176853.0,Lee Bowyer,Lee,Bowyer,1977-01-03,England,England,8.0,M,Midfielder
2669,18665.0,Emmerson Boyce,Emmerson,Boyce,1979-09-24,Barbados,Barbados,16.0,D,Centre Central Defender
2899,3864.0,Patrick Boyle,Patrick,Boyle,1987-03-20,Scotland,Scotland,29.0,D,Defender
3203,115168.0,Oliver Bozanic,Oliver,Bozanic,1989-01-08,Australia,Australia,13.0,M,Centre Central Midfielder
1890,5799.0,Titus Bramble,Titus,Bramble,1981-07-31,England,England,19.0,D,Centre Central Defender
1458,11905.0,Wayne Bridge,Wayne,Bridge,1980-08-05,England,England,18.0,D,Left Full Back
3116,117119.0,Matthew Briggs,Matthew,Briggs,1991-03-06,Guyana,Guyana,43.0,D,Left Full Back
2533,27523.0,Martin Brittain,Martin,Brittain,1984-12-29,England,England,7.0,M,Midfielder
1613,27921.0,Leigh Bromby,Leigh,Bromby,1980-06-02,England,England,,D,Defender
3067,16486.0,Jason Brown,Jason,Brown,1982-05-18,Wales,Wales,1.0,G,Goalkeeper
1633,176855.0,Jimmy Bullard,Jimmy,Bullard,1978-10-23,England,England,21.0,M,Midfielder
2143,28354.0,Robert Burch,Robert,Burch,1983-10-08,England,England,1.0,G,Goalkeeper
332,3805.0,Nicky Butt,Nicky,Butt,1975-01-21,England,England,20.0,M,Midfielder
2876,124582.0,Bédi Buval,Bédi,Buval,1986-06-16,France,Martinique,,F,Centre Striker
1472,18854.0,Stephen Bywater,Stephen,Bywater,1981-06-07,England,England,13.0,G,Goalkeeper
3068,4124.0,Yassine El Ghanassy,Yassine,El Ghanassy,1989-10-25,Belgium,Belgium,,D,Defender
2344,3509.0,Talal El Karkouri,Talal,El Karkouri,1976-07-08,Morocco,Morocco,15.0,D,Defender
3132,55042.0,Nabil El Zhar,Nabil,El Zhar,1986-08-27,France,Morocco,10.0,M,Right Attacking Midfielder
2214,268356.0,Robert Elliot,Robert,Elliot,1986-04-30,Ireland,Ireland,35.0,G,Goalkeeper
2910,3883.0,Simon Elliott,Simon,Elliott,1974-06-10,New Zealand,New Zealand,35.0,M,Midfielder
2909,3882.0,Ahmad Elrich,Ahmad,Elrich,1981-05-30,Australia,Australia,27.0,M,Midfielder
2434,3167.0,Brett Emerton,Brett,Emerton,1979-02-22,Australia,Australia,7.0,M,Right Attacking Midfielder
3125,123389.0,Emiliano Insúa,Emiliano,Insúa,1989-01-07,Argentina,Argentina,2.0,D,Left Full Back
2612,58495.0,Emmanuel Eboué,Emmanuel,Eboue,1983-06-04,Cote D’Ivoire,Cote D’Ivoire,14.0,D,Right Full Back
2955,99107.0,Emre,Emre,Belozoglu,1980-09-07,Turkey,Turkey,5.0,M,Left/Centre Central Midfielder
1503,95259.0,Peter Enckelman,Peter,Enckelman,1977-03-10,Finland,Finland,20.0,G,Goalkeeper
3020,43811.0,Hogan Ephraim,Hogan,Ephraim,1988-03-31,England,England,,M,Midfielder
2890,34287.0,Michael Essien,Michael,Essien,1982-12-03,Ghana,Ghana,,M,Defensive Midfielder
1772,5100.0,Matthew Etherington,Matthew,Etherington,1981-08-14,England,England,26.0,M,Left Winger
3149,9851.0,Kelvin Etuhu,Kelvin,Etuhu,1988-05-30,Nigeria,Nigeria,21.0,M,Left/Right Central Midfielder
1118,178101.0,Jason Euell,Jason,Euell,1977-02-06,England,Jamaica,29.0,F,Forward
3156,129750.0,Jonny Evans,Jonny,Evans,1988-01-03,Northern Ireland,Northern Ireland,6.0,D,Centre Central Defender
2934,94513.0,Patrice Evra,Patrice,Evra,1981-05-15,Senegal,France,27.0,D,Left Full Back
3126,4203.0,Fábio Aurélio,Fábio,Aurélio Rodrigues,1979-09-24,Brazil,Brazil,6.0,D,Left Full Back
2948,3928.0,Fábio Rochemback,Fábio,Rochemback,1981-12-10,Brazil,Brazil,10.0,M,Midfielder
2417,153033.0,Cesc Fàbregas,Cesc,Fàbregas,1987-05-04,Spain,Spain,4.0,M,Centre Central Midfielder
2525,120718.0,Dong Fangzhuo,Dong,Fangzhuo,1985-01-23,China,China,,F,Forward
3182,180371.0,Adam Federici,Adam,Federici,1985-01-31,Australia,Australia,,G,Goalkeeper
1111,54994.0,Rio Ferdinand,Rio,Ferdinand,1978-11-07,England,England,5.0,D,Defender
859,4043.0,John Filan,John,Filan,1970-02-08,Australia,Australia,1.0,G,Goalkeeper
2072,96843.0,Steve Finnan,Steve,Finnan,1976-04-20,Ireland,Ireland,16.0,D,Right Full Back
2611,133372.0,Mathieu Flamini,Mathieu,Flamini,1984-03-07,France,France,16.0,M,Centre Central Midfielder
1943,156961.0,Darren Fletcher,Darren,Fletcher,1984-02-01,Scotland,Scotland,,M,Centre Central Midfielder
2874,9401.0,Jaroslaw Fojut,Jaroslaw,Fojut,1987-10-17,Poland,Poland,,D,Defender
2101,12832.0,Caleb Folan,Caleb,Folan,1982-10-26,England,Ireland,19.0,F,Forward
3269,55675.0,Harry Forrester,Harry,Forrester,1991-01-02,England,England,11.0,M,Left/Centre/Right Attacking Midfielder
3170,312587.0,Fraser Forster,Fraser,Forster,1988-03-17,England,England,20.0,G,Goalkeeper
3232,131882.0,Jonathan Forte,Jonathan,Forte,1986-07-25,England,Barbados,14.0,F,Centre Striker
1718,98006.0,Quinton Fortune,Quinton,Fortune,1977-05-21,South Africa,South Africa,19.0,M,Midfielder
2932,130759.0,Ben Foster,Ben,Foster,1983-04-03,England,England,1.0,G,Goalkeeper
277,55008.0,Robbie Fowler,Robbie,Fowler,1975-04-09,England,England,27.0,F,Forward
3054,262720.0,Fran Mérida,Francisco,Mérida Pérez,1990-03-04,Spain,Spain,8.0,M,Centre Central Midfielder
1476,4390.0,Damien Francis,Damien,Francis,1979-02-27,Jamaica,Jamaica,7.0,M,Midfielder
1420,6178.0,Brad Friedel,Brad,Friedel,1971-05-18,United States,United States,24.0,G,Goalkeeper
3009,14410.0,Danny Gabbidon,Danny,Gabbidon,1979-08-08,Wales,Wales,39.0,D,Central Defender
2204,19911.0,Paul Gallagher,Paul,Gallagher,1984-08-09,Scotland,Scotland,12.0,M,Left/Centre/Right Attacking Midfielder
2054,54991.0,William Gallas,William,Gallas,1977-08-17,France,France,,D,Defender
2041,30076.0,Ricardo Gardner,Ricardo,Gardner,1978-09-25,Jamaica,Jamaica,,M,Midfielder
2000,26598.0,Ryan Garry,Ryan,Garry,1983-09-29,England,England,3.0,D,Defender
321,309.0,Gary Neville,Gary,Neville,1975-02-18,England,England,2.0,D,Right Full Back
2954,179496.0,Kris Gate,Kris,Gate,1985-01-01,England,England,4.0,M,Midfielder
3215,97056.0,Derek Geary,Derek,Geary,1980-06-19,Ireland,Ireland,26.0,D,Defender
2316,4710.0,Geremi,Geremi Sorele,Nijtap Fotso,1978-12-20,Cameroon,Cameroon,20.0,M,Midfielder
1575,144230.0,Steven Gerrard,Steven,Gerrard,1980-05-30,England,England,8.0,M,Midfielder
2443,5209.0,Stelios Giannakopoulos,Stelios,Giannakopoulos,1974-07-12,Greece,Greece,33.0,M,Midfielder
3046,312092.0,Kieran Gibbs,Kieran,Gibbs,1989-09-26,England,England,3.0,D,Left Full Back
2942,269028.0,Darron Gibson,Darron,Gibson,1987-10-25,Ireland,Ireland,43.0,M,Centre Central Midfielder
335,323.0,Ryan Giggs,Ryan,Giggs,1973-11-29,Wales,Wales,11.0,M,Left/Centre Central Midfielder
2164,12198.0,Kerrea Gilbert,Kerrea,Gilbert,1987-02-28,England,England,,D,Defender
2165,109097.0,Gilberto Silva,Gilberto,Aparecido da Silva,1976-10-07,Brazil,Brazil,,M,Centre Defensive Midfielder
3266,27504.0,Ben Gill,Ben,Gill,1987-10-09,England,England,,M,Midfielder
329,29676.0,Keith Gillespie,Keith,Gillespie,1975-02-18,Northern Ireland,Northern Ireland,,M,Midfielder
2230,121371.0,Rúrik Gíslason,Rúrik,Gíslason,1988-02-25,Iceland,Iceland,19.0,M,Right Winger
851,55643.0,Shay Given,Shay,Given,1976-04-20,Ireland,Ireland,24.0,G,Goalkeeper
3194,154805.0,Scott Golbourne,Scott,Golbourne,1988-02-29,England,England,3.0,D,Left Full Back
2920,126411.0,Mark González,Mark,González,1984-07-10,South Africa,Chile,11.0,M,Left Winger
3166,178308.0,Herold Goulon,Herold,Goulon,1988-06-12,France,France,42.0,M,Midfielder
3283,17678.0,Andreas Granqvist,Andreas,Granqvist,1985-04-16,Sweden,Sweden,6.0,D,Centre Central Defender
2455,302673.0,Anthony Grant,Anthony,Grant,1987-06-04,England,Jamaica,42.0,M,Midfielder
1253,97071.0,Michael Gray,Michael,Gray,1974-08-03,England,England,33.0,D,Defender
2758,182171.0,Robert Green,Robert,Green,1980-01-18,England,England,31.0,G,Goalkeeper
1437,13058.0,Andy Griffin,Andy,Griffin,1979-03-17,England,England,,D,Right Full Back
3147,40889.0,Ashley Grimes,Ashley,Grimes,1986-12-09,England,England,8.0,M,Midfielder
3200,96933.0,Brynjar Gunnarsson,Brynjar,Gunnarsson,1975-10-16,Iceland,Iceland,26.0,M,Centre/Right Defensive Midfielder
3131,161327.0,Danny Guthrie,Danny,Guthrie,1987-04-18,England,England,16.0,M,Centre Central Midfielder
3308,112834.0,Kristofer Haestad,Kristofer,Haestad,1983-12-09,Norway,Norway,23.0,M,Midfielder
2069,121148.0,Marcus Hahnemann,Marcus,Hahnemann,1972-06-15,United States,United States,1.0,G,Goalkeeper
3235,4355.0,Hao Haidong,Hao,Haidong,1970-08-25,China,China,39.0,F,Forward
3192,266500.0,Gregory Halford,Gregory,Halford,1984-12-08,England,England,23.0,D,Defender
2558,12491.0,Fitz Hall,Fitz,Hall,1980-12-20,England,England,17.0,D,Centre Central Defender
2813,264239.0,Emil Hallfredsson,Emil,Hallfredsson,1984-06-29,Iceland,Iceland,20.0,M,Left/Centre Central Midfielder
1829,26395.0,John Halls,John,Halls,1982-02-14,England,England,21.0,D,Defender
1595,29970.0,Dietmar Hamann,Dietmar,Hamann,1973-08-27,Germany,Germany,16.0,M,Midfielder
3183,267540.0,Ben Hamer,Ben,Hamer,1987-11-20,England,England,18.0,G,Goalkeeper
3134,172638.0,Adam Hammill,Adam,Hammill,1988-01-25,England,England,11.0,M,Right Winger
1609,11053.0,Marlon Harewood,Marlon,Harewood,1979-08-25,England,England,9.0,F,Centre Striker
709,20192.0,Steve Harper,Steve,Harper,1975-03-14,England,England,33.0,G,Goalkeeper
2961,3949.0,Scott Harris,Scott,Harris,1985-07-24,England,England,,M,Midfielder
3088,95029.0,Zoltán Harsányi,Zoltán,Harsányi,1987-06-01,Slovakia,Slovakia,29.0,F,Centre Striker
3143,289224.0,Joe Hart,Joe,Hart,1987-04-19,England,England,1.0,G,Goalkeeper
1413,4165.0,Jimmy Floyd Hasselbaink,Jimmy Floyd,Hasselbaink,1972-03-27,Suriname,Netherlands,18.0,F,Forward
3199,52324.0,Jonny Hayes,Jonny,Hayes,1987-07-09,Ireland,Ireland,15.0,M,Right Winger
2933,277767.0,Tom Heaton,Tom,Heaton,1986-04-15,England,England,22.0,G,Goalkeeper
1358,4166.0,Magnus Hedman,Magnus,Hedman,1973-03-19,Sweden,Sweden,22.0,G,Goalkeeper
2736,111478.0,Gabriel Heinze,Gabriel,Heinze,1978-04-19,Argentina,Argentina,5.0,D,Left/Centre Central Defender
1791,97506.0,Heidar Helguson,Heidar,Helguson,1977-08-22,Iceland,Iceland,,F,Forward
1335,1580.0,Stéphane Henchoz,Stéphane,Henchoz,1974-09-07,Switzerland,Switzerland,16.0,D,Defender
3058,14442.0,Stephen Henderson,Stephen,Henderson,1988-05-02,Ireland,Ireland,30.0,G,Goalkeeper
848,12990.0,Lee Hendrie,Lee,Hendrie,1977-05-18,England,England,,M,Midfielder
3097,4167.0,Henrique Hilário,Henrique Hilário,Meireles Alves Sampaio,1975-10-21,Portugal,Portugal,40.0,G,Goalkeeper
1659,126650.0,Thierry Henry,Thierry,Henry,1977-08-17,France,France,12.0,F,Centre Striker
908,14283.0,Emile Heskey,Emile,Heskey,1978-01-11,England,England,19.0,F,Centre Striker
2944,29426.0,Sam Hewson,Sam,Hewson,1988-11-28,England,England,,M,Midfielder
1881,2363.0,Tony Hibbert,Tony,Hibbert,1981-02-20,England,England,2.0,D,Right Full Back
2838,113848.0,Aliaksandr Hleb,Aliaksandr,Hleb,1981-05-01,Belarus,Belarus,11.0,M,Left/Centre/Right Attacking Midfielder
3029,6553.0,Paul Scharner,Paul,Scharner,1980-03-11,Austria,Austria,33.0,D,Centre Central Defender
2508,11230.0,Kasper Schmeichel,Kasper,Schmeichel,1986-11-05,Denmark,Denmark,1.0,G,Goalkeeper
336,324.0,Paul Scholes,Paul,Scholes,1974-11-16,England,England,22.0,M,Centre Central Midfielder
1218,13977.0,Mark Schwarzer,Mark,Schwarzer,1972-10-06,Australia,Australia,32.0,G,Goalkeeper
3305,4466.0,Stephane Claude Seanla,Stephane Claude,Seanla,1988-06-02,Cote D’Ivoire,Cote D’Ivoire,,F,Forward
3165,142306.0,Seb Hines,Sebastian,Hines,1988-05-29,England,England,3.0,D,Central Defender
3218,4330.0,Mamadou Seck,Mamadou,Seck,1979-08-23,Senegal,Senegal,41.0,D,Defender
2412,154029.0,Philippe Senderos,Philippe,Senderos,1985-02-14,Switzerland,Switzerland,4.0,D,Central Defender
2588,98053.0,Seol Ki-Hyeon,Ki-Hyeon,Seol,1979-01-08,South Korea,South Korea,7.0,M,Left/Right Winger
1934,115063.0,Shaun Wright-Phillips,Shaun,Wright-Phillips,1981-10-25,England,England,98.0,M,Left/Right Winger
3158,166767.0,Ryan Shawcross,Ryan,Shawcross,1987-10-04,England,England,,D,Centre Central Defender
3231,173137.0,Luton Shelton,Luton,Shelton,1985-11-11,Jamaica,Jamaica,11.0,F,Forward
576,110022.0,Teddy Sheringham,Teddy,Sheringham,1966-04-02,England,England,,F,Centre Second Striker
3106,4177.0,Andriy Shevchenko,Andriy,Shevchenko,1976-09-29,Ukraine,Ukraine,7.0,F,Forward
116,4460.0,Neil Shipperley,Neil,Shipperley,1974-10-30,England,England,,F,Forward
1849,6082.0,Danny Shittu,Danny,Shittu,1980-09-02,Nigeria,Nigeria,28.0,D,Centre Central Defender
1962,19282.0,Shola Ameobi,Foluwashola,Ameobi,1981-10-12,Nigeria,Nigeria,9.0,F,Centre Striker
3186,19026.0,Nicky Shorey,Nicky,Shorey,1981-02-19,England,England,31.0,D,Left Full Back
1037,4325.0,Craig Short,Craig,Short,1968-06-25,England,England,24.0,D,Defender
2513,4818.0,Antoine Sibierski,Antoine,Sibierski,1974-08-05,France,France,6.0,F,Forward
2007,30580.0,Steve Sidwell,Steve,Sidwell,1982-12-14,England,England,14.0,M,Centre Central Midfielder
1719,126227.0,Mikaël Silvestre,Mikaël,Silvestre,1977-08-09,France,France,16.0,D,Left/Centre Central Defender
3101,16717.0,James Simmonds,James,Simmonds,1987-12-03,Ireland,Ireland,,M,Midfielder
3057,142363.0,Jay Simpson,Jay,Simpson,1988-12-01,England,England,27.0,F,Centre Striker
2288,101269.0,Florent Sinama-Pongolle,Florent,Sinama-Pongolle,1984-10-20,Reunion,France,11.0,F,Left/Centre/Right Striker
2882,131945.0,James Sinclair,James,Sinclair,1987-10-22,England,England,22.0,F,Centre Striker
2921,186383.0,Mohamed Sissoko,Mohamed,Sissoko,1985-01-22,France,Mali,4.0,M,Centre Defensive Midfielder
2880,3833.0,Robert Sissons,Robert,Sissons,1988-09-29,England,England,38.0,M,Midfielder
3035,4067.0,Josip Skoko,Josip,Skoko,1975-12-10,Australia,Australia,24.0,M,Midfielder
2452,4194.0,Alexei Smertin,Alexei,Smertin,1975-05-01,Russia,Russia,16.0,M,Midfielder
3089,4152.0,Johann Smith,Johann,Smith,1987-04-25,United States,United States,42.0,F,Forward
3188,28363.0,Sam Sodje,Sam,Sodje,1980-07-14,Nigeria,Nigeria,18.0,D,Defender
1597,27645.0,Nolberto Solano,Nolberto,Solano,1974-12-12,Peru,Peru,24.0,M,Midfielder
1217,1425.0,Ole Gunnar Solskjaer,Ole Gunnar,Solskjaer,1973-02-26,Norway,Norway,20.0,F,Forward
2295,4321.0,David Sommeil,David,Sommeil,1974-08-10,France,France,14.0,D,Defender
2837,135768.0,Alexandre Song,Alexandre,Song,1987-09-09,Cameroon,Cameroon,17.0,M,Centre Central Midfielder
2970,101447.0,Franck Songo'o,Franck,Songo'o,1987-05-14,Cameroon,Cameroon,23.0,M,Midfielder
3193,176852.0,Ibrahima Sonko,Ibrahima,Sonko,1981-01-22,Senegal,Senegal,31.0,D,Defender
2675,108563.0,Gonzalo Sorondo,Gonzalo,Sorondo,1979-10-09,Uruguay,Uruguay,,D,Defender
2518,142305.0,Jonathan Spector,Jonathan,Spector,1986-03-01,United States,United States,2.0,D,Left/Right Full Back
239,30153.0,Gary Speed,Gary,Speed,1969-09-08,Wales,Wales,15.0,M,Midfielder
8679,40941.0,Scott Spencer,Scott,Spencer,1989-01-01,England,England,,F,Forward
2263,139859.0,Matthew Spring,Matthew,Spring,1979-11-17,England,England,,M,Midfielder
708,727.0,Pavel Srnicek,Pavel,Srnicek,1968-03-10,Czech Republic,Czech Republic,24.0,G,Goalkeeper
1828,42275.0,Graham Stack,Graham,Stack,1981-09-26,Ireland,Ireland,1.0,G,Goalkeeper
2989,4617.0,Paul Stalteri,Paul,Stalteri,1977-10-18,Canada,Canada,17.0,D,Defender
3216,95517.0,Ben Starosta,Ben,Starosta,1987-01-07,Poland,Poland,,D,Defender
3091,4154.0,Mark Staunton,Mark,Staunton,1989-01-30,Scotland,Scotland,,D,Defender
2436,167572.0,Jon Stead,Jon,Stead,1983-04-07,England,England,16.0,F,Centre Striker
3278,185940.0,Marek Stech,Marek,Stech,1990-01-28,Czech Republic,Czech Republic,24.0,G,Goalkeeper
1095,27653.0,Dejan Stefanovic,Dejan,Stefanovic,1974-10-28,Serbia,Serbia,,D,Defender
3196,19054.0,Stephen Hunt,Stephen,Hunt,1981-08-01,Ireland,Ireland,42.0,M,Midfielder
1708,115071.0,Jordan Stewart,Jordan,Stewart,1982-03-03,England,England,3.0,D,Full Back
2849,315473.0,Zoltán Stieber,Zoltán,Stieber,1988-10-16,Hungary,Hungary,21.0,F,Forward
2842,172568.0,Anthony Stokes,Anthony,Stokes,1988-07-25,Ireland,Ireland,28.0,F,Centre Striker
1295,32992.0,Stuart Taylor,Stuart,Taylor,1980-11-28,England,England,28.0,G,Goalkeeper
1017,4574.0,Alan Stubbs,Alan,Stubbs,1971-10-06,England,England,15.0,D,Defender
3109,4180.0,Lars Stubhaug,Lars,Stubhaug,1990-12-10,Norway,Norway,,G,Goalkeeper
3154,163694.0,Daniel Sturridge,Daniel,Sturridge,1989-09-01,England,England,19.0,F,Centre Striker
2296,2963.0,Sun Jihai,Jihai,Sun,1977-09-30,China,China,17.0,D,Defender
390,4120.0,Chris Sutton,Chris,Sutton,1973-03-10,England,England,20.0,F,Forward
1751,122559.0,Thomas Sørensen,Thomas,Sørensen,1976-06-12,Denmark,Denmark,1.0,G,Goalkeeper
3241,25594.0,Adel Taarabt,Adel,Taarabt,1989-05-24,Morocco,Morocco,49.0,M,Centre Attacking Midfielder
2992,18373.0,Teemu Tainio,Teemu,Tainio,1979-11-27,Finland,Finland,10.0,M,Centre Defensive Midfielder
1883,4149.0,Idan Tal,Idan,Tal,1975-09-13,Israel,Israel,23.0,M,Midfielder
2635,167257.0,Andy Taylor,Andy,Taylor,1986-03-14,England,England,16.0,D,Defender
3034,28803.0,Gary Teale,Gary,Teale,1978-07-21,Scotland,Scotland,21.0,M,Midfielder
1353,47414.0,John Terry,John,Terry,1980-12-07,England,England,26.0,D,Centre Central Defender
3281,121631.0,Carlos Tevez,Carlos,Tevez,1984-02-05,Argentina,Argentina,32.0,F,Centre Striker
3087,95754.0,Andranik Teymourian,Andranik,Teymourian,1983-03-06,Iran,Iran,14.0,M,Centre Defensive Midfielder
1282,96171.0,Ben Thatcher,Ben,Thatcher,1975-11-30,Wales,Wales,33.0,D,Defender
2008,30902.0,Jerome Thomas,Jerome,Thomas,1983-03-23,England,England,14.0,M,Left/Right Winger
1206,4146.0,David Thompson,David,Thompson,1977-09-12,England,England,15.0,M,Midfielder
2242,4341.0,Li Tie,Li,Tie,1977-09-18,China,China,30.0,M,Midfielder
2712,183108.0,Michael Timlin,Michael,Timlin,1985-03-19,Ireland,Ireland,,M,Midfielder
356,178390.0,Andrew Todd,Andrew,Todd,1974-09-21,England,England,,D,Defender
1984,4475.0,Svetoslav Todorov,Svetoslav,Todorov,1978-08-30,Bulgaria,Bulgaria,25.0,F,Forward
3223,11215.0,Michael Tonge,Michael,Tonge,1983-04-07,England,England,18.0,M,Centre Central Midfielder
3072,29573.0,Tony Kane,Tony,Kane,1987-08-29,Northern Ireland,Northern Ireland,16.0,D,Defender
3016,16469.0,Tony Stokes,Anthony,Stokes,1987-01-07,England,England,,M,Midfielder
3145,4223.0,Hatem Trabelsi,Hatem,Trabelsi,1977-01-25,Tunisia,Tunisia,27.0,D,Defender
2835,94346.0,Armand Traore,Armand,Traore,1989-10-08,France,Senegal,29.0,D,Left Full Back
3221,4333.0,Nicky Travis,Nicky,Travis,1987-03-12,England,England,,M,Midfielder
3076,15350.0,Keith Treacy,Keith,Treacy,1988-09-13,Ireland,Ireland,7.0,M,Left Winger
3174,115167.0,James Troisi,James,Troisi,1988-07-03,Australia,Australia,10.0,F,Left/Centre/Right Second Striker
2024,2592.0,Tugay,Tugay,Kerimoglou,1970-08-24,Turkey,Turkey,5.0,M,Midfielder
2309,19429.0,Ross Turnbull,Ross,Turnbull,1985-01-04,England,England,22.0,G,Goalkeeper
2235,49594.0,Iain Turner,Iain,Turner,1984-01-26,Scotland,Scotland,13.0,G,Goalkeeper
3298,18983.0,Curtis Ujah,Curtis,Ujah,1988-07-22,England,England,,D,Defender
181,4432.0,David Unsworth,David,Unsworth,1973-10-16,England,England,25.0,D,Defender
1131,19664.0,Matt Upson,Matt,Upson,1979-04-18,England,England,4.0,D,Centre Central Defender
3285,5421.0,Antonio Valencia,Antonio,Valencia,1985-08-04,Ecuador,Ecuador,25.0,D,Right Full Back
3051,4103.0,Vincent van den Berg,Vincent,van den Berg,1989-01-19,Netherlands,Netherlands,,M,Midfielder
2901,99557.0,Andy van der Meijde,Andy,van der Meijde,1979-09-30,Netherlands,Netherlands,8.0,M,Midfielder
2070,110391.0,Edwin van der Sar,Edwin,van der Sar,1970-10-29,Netherlands,Netherlands,1.0,G,Goalkeeper
2616,93894.0,Robin van Persie,Robin,van Persie,1983-08-06,Netherlands,Netherlands,32.0,F,Centre Striker
2228,2888.0,Alex Varney,Alex,Varney,1984-12-27,England,England,31.0,F,Forward
1309,27979.0,Darius Vassell,Darius,Vassell,1980-06-13,England,England,13.0,F,Forward
2707,189412.0,James Vaughan,James,Vaughan,1988-07-14,England,England,9.0,F,Centre Striker
2843,128477.0,Carlos Vela,Carlos,Vela,1989-03-01,Mexico,Mexico,10.0,F,Left/Right Winger
3047,20110.0,Joe O'Cearuill,Joe,O'Cearuill,1987-02-09,England,Ireland,,D,Defender
3059,261238.0,Stephen O'Halloran,Stephen,O'Halloran,1987-11-29,Ireland,Ireland,,D,Defender
2994,155657.0,Jamie O'Hara,Jamie,O'Hara,1986-09-25,England,England,,M,Centre Central Midfielder
2550,134599.0,Gary O'Neil,Gary,O'Neil,1983-05-18,England,England,19.0,M,Central Midfielder
1717,130648.0,John O'Shea,John,O'Shea,1981-04-30,Ireland,Ireland,4.0,D,Centre Central Defender
3300,4457.0,Dean Oliver,Dean,Oliver,1987-12-04,England,England,,F,Forward
2867,289029.0,Martin Olsson,Martin,Olsson,1988-05-17,Sweden,Sweden,13.0,D,Defender
3114,11270.0,Elliot Omozusi,Elliot,Omozusi,1988-12-15,England,England,2.0,D,Left/Right Full Back
2728,153670.0,Nedum Onuoha,Nedum,Onuoha,1986-11-12,Nigeria,England,14.0,D,Centre Central Defender
3171,142338.0,Oguchi Onyewu,Oguchi,Onyewu,1982-05-13,United States,United States,5.0,D,Defender
3069,125727.0,André Ooijer,André,Ooijer,1974-07-11,Netherlands,Netherlands,13.0,D,Centre/Right Central Defender
3191,28690.0,Curtis Osano,Curtis,Osano,1987-03-08,England,England,6.0,D,Defender
3254,4385.0,Junior Osborne,Junior,Osborne,1988-02-12,England,England,30.0,D,Defender
3064,20246.0,Isaiah Osbourne,Isaiah,Osbourne,1987-11-05,England,England,30.0,M,Centre Central Midfielder
1887,2371.0,Leon Osman,Leon,Osman,1981-05-17,England,England,21.0,M,Centre/Right Attacking Midfielder
1401,10935.0,John Oster,John,Oster,1978-12-08,Wales,Wales,7.0,M,Midfielder
1208,6476.0,Michael Owen,Michael,Owen,1979-12-14,England,England,10.0,F,Centre Striker
3290,4438.0,David Owens,David,Owens,1988-10-10,England,England,32.0,M,Midfielder
3123,281568.0,Daniele Padelli,Daniele,Padelli,1985-10-25,Italy,Italy,20.0,G,Goalkeeper
3128,256807.0,Gabriel Paletta,Gabriel,Paletta,1986-02-15,Argentina,Italy,29.0,D,Defender
2802,101018.0,Noé Pamarot,Noé,Pamarot,1979-04-14,France,France,8.0,D,Centre Central Defender
3280,178443.0,John Pantsil,John,Pantsil,1981-06-15,Ghana,Ghana,4.0,D,Defender
3045,4096.0,Carl Parisio,Carl,Parisio,1989-08-07,France,France,,D,Defender
2940,134999.0,Park Ji-Sung,Ji-Sung,Park,1981-02-25,South Korea,South Korea,33.0,M,Left/Centre/Right Attacking Midfielder
1518,309724.0,Scott Parker,Scott,Parker,1980-10-13,England,England,,M,Midfielder
3256,167311.0,Jordan Parkes,Jordan,Parkes,1989-07-26,England,England,,M,Centre Attacking Midfielder
19,3636.0,Ray Parlour,Ray,Parlour,1973-03-07,England,England,15.0,M,Midfielder
1948,14694.0,Stuart Parnaby,Stuart,Parnaby,1982-07-19,England,England,12.0,D,Right Full Back
3293,91502.0,Paul Green,Paul,Green,1987-04-15,England,England,22.0,D,Centre Central Defender
2654,92274.0,Paulo Ferreira,Paulo Renato,Rebocho Ferreira,1979-01-18,Portugal,Portugal,19.0,D,Right Full Back
96,96296.0,Ian Pearce,Ian,Pearce,1974-05-07,England,England,,D,Defender
2048,2627.0,Henrik Pedersen,Henrik,Pedersen,1975-06-10,Denmark,Denmark,9.0,F,Forward
2808,99964.0,Pedro Mendes,Pedro Miguel,da Silva Mendes,1979-02-26,Portugal,Portugal,40.0,M,Centre Defensive Midfielder
3248,289308.0,Tomas Pekhart,Tomas,Pekhart,1989-05-26,Czech Republic,Czech Republic,9.0,F,Forward
3138,277793.0,Lee Peltier,Lee,Peltier,1986-12-11,England,England,14.0,D,Right Full Back
1096,3227.0,Mark Pembridge,Mark,Pembridge,1970-11-29,Wales,Wales,24.0,M,Midfielder
1495,15274.0,Jermaine Pennant,Jermaine,Pennant,1983-01-15,England,England,15.0,M,Right Winger
2911,127990.0,Pepe Reina,José Manuel,Reina Páez,1982-08-31,Spain,Spain,1.0,G,Goalkeeper
2869,174700.0,Sergio Peter,Sergio,Peter,1986-10-12,Germany,Germany,,M,Midfielder
3063,4117.0,Stiliyan Petrov,Stiliyan,Petrov,1979-07-05,Bulgaria,Bulgaria,19.0,M,Centre Central Midfielder
2885,3848.0,Adrian Pettigrew,Adrian,Pettigrew,1986-11-12,England,England,,D,Defender
921,3869.0,Phil Neville,Philip,Neville,1977-01-21,England,England,18.0,M,Centre Defensive Midfielder
1768,11265.0,Kevin Phillips,Kevin,Phillips,1973-07-25,England,England,28.0,F,Centre Striker
2737,6893.0,Gerard Piqué,Gerard,Piqué,1987-02-02,Spain,Spain,3.0,D,Centre Central Defender
1433,2360.0,Alessandro Pistone,Alessandro,Pistone,1975-07-27,Italy,Italy,,D,Defender
3296,105956.0,Stipe Pletikosa,Stipe,Pletikosa,1979-01-08,Croatia,Croatia,13.0,G,Goalkeeper
2946,163438.0,Emanuel Pogatetz,Emanuel,Pogatetz,1983-01-16,Austria,Austria,4.0,D,Central Defender
1161,3770.0,Mart Poom,Mart,Poom,1972-02-03,Estonia,Estonia,21.0,G,Goalkeeper
2506,186213.0,Darren Potter,Darren,Potter,1984-12-21,Ireland,Ireland,8.0,M,Centre Central Midfielder
3295,4446.0,Omar Pouso,Omar,Pouso,1980-02-28,Uruguay,Uruguay,13.0,M,Midfielder
1168,96263.0,Chris Powell,Chris,Powell,1969-09-08,England,England,29.0,D,Defender
2541,3330.0,Linvoy Primus,Linvoy,Primus,1973-09-14,England,England,2.0,D,Centre/Right Central Defender
3271,163380.0,Tamás Priskin,Tamás,Priskin,1986-09-27,Slovakia,Hungary,50.0,F,Forward
1092,41994.0,Nigel Quashie,Nigel,Quashie,1978-07-20,Scotland,Scotland,19.0,M,Midfielder
2120,95416.0,Franck Queudrue,Franck,Queudrue,1978-08-27,France,France,,D,Defender
1454,27852.0,Alan Quinn,Alan,Quinn,1979-06-13,Ireland,Ireland,15.0,M,Midfielder
2066,3590.0,Tomasz Radzinski,Tomasz,Radzinski,1973-12-14,Canada,Canada,13.0,F,Forward
2888,315456.0,Slobodan Rajkovic,Slobodan,Rajkovic,1989-02-03,Serbia,Serbia,3.0,D,Defender
2532,19464.0,Peter Ramage,Peter,Ramage,1983-11-22,England,England,36.0,D,Centre Central Defender
3056,183794.0,Mark Randall,Mark,Randall,1989-09-28,England,England,25.0,M,Centre Central Midfielder
2216,274363.0,Darren Randolph,Darren,Randolph,1987-05-12,Ireland,Ireland,,G,Goalkeeper
2435,58814.0,Steven Reid,Steven,Reid,1981-03-10,Ireland,Ireland,18.0,D,Right Full Back
3015,183982.0,Nigel Reo-Coker,Nigel,Reo-Coker,1984-05-14,England,England,7.0,M,Centre Central Midfielder
2415,153014.0,José Antonio Reyes,José Antonio,Reyes,1983-09-01,Spain,Spain,19.0,M,Left/Right Winger
2138,3288.0,Claudio Reyna,Claudio,Reyna,1973-07-20,United States,United States,,M,Midfielder
2708,99937.0,Ricardo Batista,Ricardo Jorge,Cecília Batista,1986-11-19,Portugal,Portugal,19.0,G,Goalkeeper
2653,15937.0,Ricardo Carvalho,Ricardo Alberto,Silveira de Carvalho,1978-05-18,Portugal,Portugal,6.0,D,Centre Central Defender
3240,96840.0,Ricardo Rocha,Ricardo Roberto,Barreto da Rocha,1978-10-03,Portugal,Portugal,3.0,D,Defender
2447,21545.0,Ricardo Vaz Tê,Ricardo Jorge,Vaz Tê,1986-10-01,Portugal,Portugal,,F,Forward
2925,18557.0,Micah Richards,Micah,Richards,1988-06-24,England,England,17.0,D,Right Full Back
1982,40578.0,Kieran Richardson,Kieran,Richardson,1984-10-21,England,England,15.0,D,Full Back
2013,161267.0,Liam Ridgewell,Liam,Ridgewell,1984-07-21,England,England,6.0,D,Centre Central Defender
1695,176253.0,Chris Riggott,Chris,Riggott,1980-09-01,England,England,,D,Defender
2110,15706.0,John Arne Riise,John Arne,Riise,1980-09-24,Norway,Norway,6.0,D,Left Full Back
3257,4388.0,Douglas Rinaldi,Douglas,Rinaldi,1984-02-10,Brazil,Brazil,,M,Midfielder
2658,185103.0,Arjen Robben,Arjen,Robben,1984-01-23,Netherlands,Netherlands,10.0,F,Right Winger
2385,6420.0,Jason Roberts,Jason,Roberts,1978-01-25,Grenada,Grenada,33.0,F,Centre Striker
3234,16407.0,Jordan Robertson,Jordan,Robertson,1988-02-12,England,England,,F,Forward
1404,132523.0,Paul Robinson,Paul,Robinson,1979-10-15,England,England,17.0,G,Goalkeeper
3086,19745.0,Michael Roddy,Michael,Roddy,1988-09-22,England,England,,M,Midfielder
2225,112352.0,Dennis Rommedahl,Dennis,Rommedahl,1978-07-22,Denmark,Denmark,,M,Left/Right Winger
2064,172398.0,Wayne Rooney,Wayne,Rooney,1985-10-24,England,England,32.0,F,Centre Second Striker
3163,202632.0,Danny Rose,Danny,Rose,1988-02-21,England,England,4.0,M,Centre Central Midfielder
2464,90689.0,Liam Rosenior,Liam,Rosenior,1984-07-09,England,England,23.0,D,Defender
3052,38011.0,Tomas Rosicky,Tomas,Rosicky,1980-10-04,Czech Republic,Czech Republic,10.0,M,Centre Attacking Midfielder
3229,4345.0,Ian Ross,Ian,Ross,1986-01-13,England,England,36.0,M,Midfielder
2745,33933.0,Giuseppe Rossi,Giuseppe,Rossi,1987-02-01,United States,Italy,25.0,F,Left/Centre/Right Striker
2681,6161.0,Wayne Routledge,Wayne,Routledge,1985-01-07,England,England,15.0,M,Right Winger
2896,258968.0,John Ruddy,John,Ruddy,1986-10-24,England,England,21.0,G,Goalkeeper
3119,110296.0,Björn Runström,Björn,Runström,1984-03-01,Sweden,Sweden,32.0,F,Forward
2919,161245.0,Jimmy Ryan,Jimmy,Ryan,1988-09-06,Ireland,Ireland,20.0,M,Centre Central Midfielder
1598,6569.0,Louis Saha,Louis,Saha,1978-08-08,France,France,25.0,F,Centre Striker
3108,305489.0,Ben Sahar,Ben,Sahar,1989-08-10,Israel,Israel,9.0,F,Forward
2224,128202.0,Lloyd Sam,Lloyd,Sam,1984-09-27,England,Ghana,16.0,M,Right Winger
2930,104741.0,Georgios Samaras,Georgios,Samaras,1985-02-21,Greece,Greece,5.0,F,Centre Striker
3070,50128.0,Christopher Samba,Christopher,Samba,1984-03-28,France,Congo,4.0,D,Centre Central Defender
1505,26835.0,Jlloyd Samuel,Jlloyd,Samuel,1981-03-29,Trinidad & Tobago,Trinidad & Tobago,21.0,D,Defender
2219,27414.0,Osei Sankofa,Osei,Sankofa,1985-03-19,England,England,,D,Defender
706,54999.0,Robbie Savage,Robbie,Savage,1974-10-18,Wales,Wales,8.0,M,Midfielder
3104,12323.0,Lee Sawyer,Lee,Sawyer,1989-09-10,England,England,,M,Midfielder
2620,317527.0,Gary Cahill,Gary,Cahill,1985-12-19,England,England,24.0,D,Centre Central Defender
2590,98344.0,Henri Camara,Henri,Camara,1977-05-10,Senegal,Senegal,,F,Forward
3267,4400.0,Alexa Campana,Alexa,Campana,1988-10-11,England,England,34.0,M,Midfielder
2945,162265.0,Fraizer Campbell,Fraizer,Campbell,1987-09-13,England,England,22.0,F,Centre Striker
3065,177954.0,John Carew,John,Carew,1979-09-05,Norway,Norway,11.0,F,Centre Striker
2259,177133.0,Clarke Carlisle,Clarke,Carlisle,1979-10-14,England,England,3.0,D,Defender
2058,143401.0,Carlton Cole,Carlton,Cole,1983-10-12,England,England,10.0,F,Centre Striker
776,94885.0,Stephen Carr,Stephen,Carr,1976-08-29,Ireland,Ireland,2.0,D,Right Full Back
915,143184.0,Jamie Carragher,Jamie,Carragher,1978-01-28,England,England,23.0,D,Defender
1634,4242.0,Michael Carrick,Michael,Carrick,1981-07-28,England,England,16.0,M,Centre Central Midfielder
3175,302430.0,Andy Carroll,Andy,Carroll,1989-01-06,England,England,15.0,F,Centre Striker
1175,94904.0,Lee Carsley,Lee,Carsley,1974-02-28,Ireland,Ireland,26.0,M,Centre Defensive Midfielder
2250,282078.0,Scott Carson,Scott,Carson,1985-09-03,England,England,33.0,G,Goalkeeper
3160,15257.0,Craig Cathcart,Craig,Cathcart,1989-02-06,Northern Ireland,Northern Ireland,15.0,D,Centre Central Defender
2949,5473.0,Lee Cattermole,Lee,Cattermole,1988-03-21,England,England,6.0,M,Centre Defensive Midfielder
3265,4398.0,Johan Cavalli,Johan,Cavalli,1981-09-12,France,France,31.0,M,Midfielder
2651,266361.0,Petr Cech,Petr,Cech,1982-05-20,Czech Republic,Czech Republic,1.0,G,Goalkeeper
2799,6066.0,Radek Cerny,Radek,Cerny,1974-02-18,Czech Republic,Czech Republic,24.0,G,Goalkeeper
3083,4142.0,César,Cesar,Martin Villar,1977-04-03,Spain,Spain,27.0,D,Defender
616,2226.0,Alec Chamberlain,Alec,Chamberlain,1964-06-20,England,England,,G,Goalkeeper
2364,12465.0,James Chambers,James,Chambers,1980-11-20,England,England,15.0,D,Full Back
2936,315681.0,James Chester,James,Chester,1989-01-23,England,Wales,,D,Centre Central Defender
3026,10421.0,Pascal Chimbonda,Pascal,Chimbonda,1979-02-21,France,France,39.0,D,Right Full Back
2872,3825.0,Chris Howarth,Christopher,Howarth,1986-05-23,England,England,30.0,G,Goalkeeper
3214,96075.0,Chris Lucketti,Christopher,Lucketti,1971-09-28,England,England,20.0,D,Defender
2907,3878.0,Philippe Christanval,Philippe,Christanval,1978-08-31,France,France,5.0,D,Defender
1553,2996.0,Malcolm Christie,Malcolm,Christie,1979-04-11,England,England,11.0,F,Forward
2723,9595.0,Djibril Cissé,Djibril,Cissé,1981-08-12,France,France,9.0,F,Centre Striker
723,744.0,Lee Clark,Lee,Clark,1972-10-27,England,England,21.0,M,Midfielder
1851,3586.0,Claus Jensen,Claus,Jensen,1977-04-29,Denmark,Denmark,16.0,M,Midfielder
2413,52622.0,Gaël Clichy,Gaël,Clichy,1985-07-26,France,France,3.0,D,Left Full Back
1494,152954.0,Ashley Cole,Ashley,Cole,1980-12-20,England,England,26.0,D,Left Full Back
2082,30457.0,Matthew Collins,Matthew,Collins,1986-08-31,Wales,Wales,25.0,M,Midfielder
2836,100496.0,Matthew Connolly,Matthew,Connolly,1987-09-24,England,England,,D,Defender
3197,4299.0,Bobby Convey,Bobby,Convey,1983-05-27,United States,United States,17.0,M,Midfielder
2951,29773.0,Mark Cook,Mark,Cook,1988-09-07,England,England,,G,Goalkeeper
2889,49709.0,Jack Cork,Jack,Cork,1989-06-25,England,England,4.0,M,Centre Central Midfielder
3155,4234.0,Bernardo Corradi,Bernardo,Corradi,1976-03-30,Italy,Italy,30.0,F,Forward
3292,57289.0,David Cotterill,David,Cotterill,1987-12-04,Wales,Wales,32.0,M,Left/Right Winger
3208,11640.0,Simon Cox,Simon,Cox,1987-04-28,England,Ireland,10.0,F,Centre Striker
2950,40904.0,Tom Craddock,Tom,Craddock,1986-10-14,England,England,,F,Forward
2847,46950.0,Craig Gardner,Craig,Gardner,1986-11-25,England,England,8.0,M,Centre Central Midfielder
2522,278776.0,Cristiano Ronaldo,Cristiano Ronaldo,dos Santos Aveiro,1985-02-05,Portugal,Portugal,7.0,F,Left/Centre/Right Striker
394,26950.0,Mark Crossley,Mark,Crossley,1969-06-16,Wales,Wales,26.0,G,Goalkeeper
1629,154344.0,Peter Crouch,Peter,Crouch,1981-01-30,England,England,15.0,F,Centre Striker
1676,114930.0,Carlo Cudicini,Carlo,Cudicini,1973-09-06,Italy,Italy,1.0,G,Goalkeeper
2162,101525.0,Pascal Cygan,Pascal,Cygan,1974-04-29,France,France,2.0,D,Centre Central Defender
3287,15620.0,Tomasz Cywka,Tomasz,Cywka,1988-06-27,Poland,Poland,19.0,M,Winger
3144,4221.0,Nathan D'Laryea,Nathan,D'Laryea,1985-09-03,England,England,,D,Defender
3148,110694.0,Ousmane Dabo,Ousmane,Dabo,1977-02-08,France,France,6.0,M,Midfielder
1163,177713.0,Christian Dailly,Christian,Dailly,1973-10-23,Scotland,Scotland,,D,Defender
3242,287752.0,Charlie Daniels,Charlie,Daniels,1986-09-07,England,England,23.0,D,Left Full Back
2531,132396.0,Danny Graham,Daniel,Graham,1985-08-12,England,England,18.0,F,Centre Striker
929,4579.0,Danny Mills,Daniel,Mills,1977-05-18,England,England,27.0,D,Defender
3129,183200.0,Stephen Darby,Stephen,Darby,1988-10-06,England,England,23.0,D,Full Back
1868,5111.0,Calum Davenport,Calum,Davenport,1983-01-01,England,England,21.0,D,Defender
3025,10528.0,David Wright,David,Wright,1980-05-01,England,England,2.0,D,Centre/Right Full Back
2990,12712.0,Edgar Davids,Edgar,Davids,1973-03-13,Netherlands,Netherlands,1.0,M,Midfielder
1775,4196.0,Simon Davies,Simon,Davies,1979-10-23,Wales,Wales,29.0,M,Right Winger
2423,126112.0,Steven Davis,Steven,Davis,1985-01-01,Northern Ireland,Northern Ireland,10.0,M,Centre Central Midfielder
2805,130632.0,Michael Dawson,Michael,Dawson,1983-11-18,England,England,20.0,D,Centre Central Defender
2169,4286.0,Ulises de la Cruz,Ulises,de la Cruz,1974-02-08,Ecuador,Ecuador,23.0,D,Defender
1315,4047.0,Arjan De Zeeuw,Arjan,De Zeeuw,1970-04-16,Netherlands,Netherlands,,D,Defender
2801,3719.0,Defendi,Rodrigo,Defendi,1986-06-17,Brazil,Brazil,,D,Defender
1526,303240.0,Jermain Defoe,Jermain,Defoe,1982-10-07,England,England,10.0,F,Centre Striker
1504,1815.0,Mark Delaney,Mark,Delaney,1976-05-13,Wales,Wales,2.0,D,Defender
3252,110518.0,Jay DeMerit,Jay,DeMerit,1979-12-04,United States,United States,6.0,D,Central Defender
3121,13682.0,Clint Dempsey,Clint,Dempsey,1983-03-09,United States,United States,32.0,F,Left/Centre/Right Attacking Midfielder
3053,115279.0,Denilson,Denilson,Pereira Neves,1988-02-16,Brazil,Brazil,15.0,M,Centre Central Midfielder
2437,15094.0,Matt Derbyshire,Matt,Derbyshire,1986-04-14,England,England,27.0,F,Centre Striker
3238,14269.0,Dorian Dervite,Dorian,Dervite,1988-07-25,France,France,4.0,D,Centre Central Defender
2878,6695.0,Abdoulaye Diagne-Faye,Abdoulaye,Diagne-Faye,1978-02-26,Senegal,Senegal,23.0,D,Centre Central Defender
3264,314600.0,Toumani Diagouraga,Toumani,Diagouraga,1987-06-10,France,France,,M,Centre Central Midfielder
2285,5095.0,Salif Diao,Salif,Diao,1977-02-10,Senegal,Senegal,15.0,M,Centre Defensive Midfielder
2893,93954.0,Lassana Diarra,Lassana,Diarra,1985-03-10,France,France,19.0,M,Defensive Midfielder
3094,120106.0,Souleymane Diawara,Souleymane,Diawara,1978-12-24,Senegal,Senegal,20.0,D,Centre Central Defender
27,28435.0,Paul Dickov,Paul,Dickov,1972-11-01,Scotland,Scotland,,F,Forward
2711,177945.0,Papa Bouba Diop,Papa Bouba,Diop,1978-01-28,Senegal,Senegal,21.0,M,Midfielder
2289,11217.0,El Hadji Diouf,El Hadji,Diouf,1981-01-15,Senegal,Senegal,21.0,M,Left/Centre/Right Attacking Midfielder
2125,18714.0,Sylvain Distin,Sylvain,Distin,1977-12-16,France,France,25.0,D,Centre Central Defender
2995,176504.0,Terry Dixon,Terry,Dixon,1990-01-15,Ireland,Ireland,,F,Forward
2520,3464.0,Eric Djemba-Djemba,Eric,Djemba-Djemba,1981-05-04,Cameroon,Cameroon,14.0,M,Midfielder
2609,119807.0,Johan Djourou,Johan,Djourou,1987-01-18,Cote D’Ivoire,Switzerland,5.0,D,Centre Central Defender
2023,19420.0,Jonathan Douglas,Jonathan,Douglas,1981-11-22,Ireland,Ireland,22.0,M,Centre Defensive Midfielder
2122,159684.0,Stewart Downing,Stewart,Downing,1984-07-22,England,England,19.0,M,Left/Right Winger
3205,141573.0,Kevin Doyle,Kevin,Doyle,1983-09-18,Ireland,Ireland,9.0,F,Striker
3253,144519.0,Lloyd Doyley,Lloyd,Doyley,1982-12-01,Jamaica,Jamaica,,D,Defender
2906,153284.0,Jaroslav Drobny,Jaroslav,Drobny,1979-10-18,Czech Republic,Czech Republic,16.0,G,Goalkeeper
2662,153650.0,Didier Drogba,Didier,Drogba,1978-03-11,,,11.0,F,Forward
669,177233.0,Michael Duberry,Michael,Duberry,1975-10-14,England,England,5.0,D,Defender
2109,101201.0,Jerzy Dudek,Jerzy,Dudek,1973-03-23,Poland,Poland,25.0,G,Goalkeeper
1004,124533.0,Damien Duff,Damien,Duff,1979-03-02,Ireland,Ireland,11.0,M,Left Winger
2543,11801.0,Richard Duffy,Richard,Duffy,1985-08-30,Wales,Wales,5.0,D,Centre Central Defender
1337,20833.0,David Dunn,David,Dunn,1979-12-27,England,England,17.0,M,Centre Attacking Midfielder
1184,59202.0,Richard Dunne,Richard,Dunne,1979-09-21,Ireland,Ireland,22.0,D,Centre Central Defender
1740,6097.0,Kieron Dyer,Kieron,Dyer,1978-12-29,England,England,18.0,M,Centre/Right Attacking Midfielder
2524,161189.0,Chris Eagles,Chris,Eagles,1985-11-19,England,England,33.0,M,Left/Right Winger
2937,19808.0,Richard Eckersley,Richard,Eckersley,1989-03-12,England,England,24.0,D,Defender
3172,181478.0,David Edgar,David,Edgar,1987-05-19,United States,Canada,34.0,D,Defender
35,2472.0,Ugo Ehiogu,Ugo,Ehiogu,1972-11-03,England,England,,D,Defender
2988,110519.0,Lee Young-Pyo,Young-Pyo,Lee,1977-04-23,South Korea,South Korea,12.0,D,Left/Right Full Back
2079,2673.0,Sylvain Legwinski,Sylvain,Legwinski,1973-06-10,France,France,,M,Midfielder
2409,3131.0,Jens Lehmann,Jens,Lehmann,1969-11-10,Germany,Germany,13.0,G,Goalkeeper
2668,6404.0,Mikele Leigertwood,Mikele,Leigertwood,1982-11-12,Antigua & Barbuda,Antigua & Barbuda,8.0,M,Centre Defensive Midfielder
2270,288361.0,Aaron Lennon,Aaron,Lennon,1987-04-16,England,England,17.0,M,Right Winger
2574,266152.0,Joleon Lescott,Joleon,Lescott,1982-08-16,England,England,,D,Left/Right Central Defender
3139,19263.0,Craig Lindfield,Craig,Lindfield,1988-09-07,England,England,,F,Forward
1529,261158.0,Kevin Lisbie,Kevin,Lisbie,1978-10-17,England,Jamaica,10.0,F,Centre Striker
3204,20481.0,Leroy Lita,Leroy,Lita,1984-12-28,England,England,38.0,F,Centre Striker
868,178026.0,Glen Little,Glen,Little,1975-10-15,England,England,17.0,M,Midfielder
3244,270979.0,Jake Livermore,Jake,Livermore,1989-11-14,England,England,,M,Centre Central Midfielder
1497,110400.0,Freddie Ljungberg,Freddie,Ljungberg,1977-04-16,Sweden,Sweden,8.0,M,Midfielder
3249,317872.0,Scott Loach,Scott,Loach,1988-05-27,England,England,,G,Goalkeeper
1959,123783.0,Lomana Lua Lua,Tresor,Lua Lua Lomana,1980-12-28,DR Congo,DR Congo,32.0,F,Forward
3206,268701.0,Shane Long,Shane,Long,1987-01-22,Ireland,Ireland,12.0,F,Centre Striker
3173,282922.0,Kazenga LuaLua,Kazenga,LuaLua,1990-12-10,DR Congo,DR Congo,25.0,M,Left/Right Winger
3137,51075.0,Lucas Leiva,Lucas Pezzini,Leiva,1987-01-09,Brazil,Brazil,6.0,M,Centre Central Midfielder
1306,111470.0,Luís Boa Morte,Luís,Boa Morte Pereira,1977-08-04,Portugal,Portugal,,M,Midfielder
2718,126073.0,Luis García,Luis Javier,Garcia,1978-06-24,Spain,Spain,14.0,M,Left Winger
2617,155925.0,Arturo Lupoli,Arturo,Lupoli,1987-06-24,Italy,Italy,41.0,F,Forward
2957,101391.0,Albert Luque,Albert,Luque,1978-03-11,Spain,Spain,5.0,F,Left/Centre Second Striker
3181,4273.0,Rodolphe M'Bela Douala,Rodolphe,M'Bela Douala,1978-09-25,Cameroon,Cameroon,29.0,F,Forward
2450,55856.0,Yves Ma-Kalambay,Yves,Ma-Kalambay,1986-01-31,Belgium,Belgium,30.0,G,Goalkeeper
2319,121122.0,Massimo Maccarone,Massimo,Maccarone,1979-09-06,Italy,Italy,,F,Centre Striker
2828,4384.0,Malky MacKay,Malky,MacKay,1972-02-19,Scotland,Scotland,24.0,D,Defender
3258,12390.0,Gavin Mahon,Gavin,Mahon,1977-01-02,England,England,32.0,M,Midfielder
2454,174411.0,Claude Makelele,Claude,Makelele,1973-02-18,France,France,4.0,M,Centre Defensive Midfielder
2078,8768.0,Steed Malbranque,Steed,Malbranque,1980-01-06,France,France,17.0,M,Left/Centre/Right Attacking Midfielder
3066,19405.0,Shaun Maloney,Shaun,Maloney,1983-01-24,Scotland,Scotland,15.0,M,Left/Centre/Right Attacking Midfielder
2887,269446.0,Michael Mancienne,Michael,Mancienne,1988-01-08,England,Seychelles,38.0,D,Centre Central Defender
2720,16884.0,David Mannix,David,Mannix,1985-09-24,England,England,,M,Midfielder
2834,289367.0,Vito Mannone,Vito,Mannone,1988-03-02,Italy,Italy,30.0,G,Goalkeeper
3111,281426.0,Manuel Fernandes,Manuel Henriques,Fernandes Fernandes,1986-02-05,Portugal,Portugal,8.0,M,Centre Defensive Midfielder
3251,311668.0,Adrian Mariappa,Adrian,Mariappa,1986-10-03,England,Jamaica,,D,Central Defender
3230,4346.0,Colin Marrison,Colin,Marrison,1985-09-23,England,England,,F,Forward
3164,40615.0,Phil Marsh,Phil,Marsh,1986-11-15,England,England,,F,Forward
2912,160081.0,David Martin,David,Martin,1986-01-22,England,England,25.0,G,Goalkeeper
3176,154132.0,Obafemi Martins,Obafemi,Martins,1984-10-28,Nigeria,Nigeria,17.0,F,Centre Striker
2798,6195.0,Marton Fülöp,Marton,Fulop,1983-05-03,Hungary,Hungary,13.0,G,Goalkeeper
3136,100883.0,Javier Mascherano,Javier,Mascherano,1984-06-08,Argentina,Argentina,14.0,D,Centre Central Defender
3195,4293.0,Péter Maté,Péter,Maté,1984-12-02,Hungary,Hungary,47.0,D,Defender
2556,219601.0,Matt Mills,Matt,Mills,1986-07-14,England,England,5.0,D,Centre Central Defender
259,5078.0,Dominic Matteo,Dominic,Matteo,1974-04-28,Scotland,Scotland,,D,Defender
2956,16613.0,Matty Pattison,Matthew,Pattison,1986-10-27,South Africa,South Africa,25.0,M,Midfielder
2967,111290.0,Collins Mbesuma,Collins,Mbesuma,1984-02-03,Zambia,Zambia,9.0,F,Centre Striker
2402,3230.0,Brian McBride,Brian,McBride,1972-06-19,United States,United States,20.0,F,Forward
1042,95014.0,Gavin McCann,Gavin,McCann,1978-01-10,England,England,,M,Centre Central Midfielder
1756,4415.0,George McCartney,George,McCartney,1981-04-29,Northern Ireland,Northern Ireland,3.0,D,Defender
3032,126100.0,Lee McCulloch,Lee,McCulloch,1978-05-14,Scotland,Scotland,6.0,D,Defender
2460,6570.0,James McFadden,James,McFadden,1983-04-14,Scotland,Scotland,11.0,M,Left/Centre Winger
2751,261186.0,Tony McMahon,Tony,McMahon,1986-03-24,England,England,,D,Right Full Back
3028,4051.0,Steve McMillan,Steve,McMillan,1976-01-19,Scotland,Scotland,3.0,D,Defender
3261,178040.0,Anthony McNamee,Anthony,McNamee,1984-07-13,England,England,34.0,M,Midfielder
2738,288664.0,Paul McShane,Paul,McShane,1986-01-06,Ireland,Ireland,62.0,D,Defender
3279,137406.0,Tyrone Mears,Tyrone,Mears,1983-02-18,England,Jamaica,,D,Defender
2012,7189.0,Olof Mellberg,Olof,Mellberg,1977-09-03,Sweden,Sweden,5.0,D,Centre Central Defender
2286,28808.0,Neil Mellor,Neil,Mellor,1982-11-04,England,England,33.0,F,Forward
2528,3633.0,Gaizka Mendieta,Gaizka,Mendieta,1974-03-27,Spain,Spain,,M,Midfielder
3084,26860.0,Lubomir Michalik,Lubomir,Michalik,1983-08-13,Slovakia,Slovakia,25.0,D,Defender
2815,126259.0,Mido,Ahmed Hossam,Mido,1983-02-23,Egypt,Egypt,35.0,F,Centre Striker
2848,3791.0,Tobias Mikaelsson,Tobias,Mikaelsson,1988-11-17,Sweden,Sweden,33.0,F,Forward
3022,13723.0,Mike Pollitt,Michael,Pollitt,1972-02-29,England,England,31.0,G,Goalkeeper
2918,101888.0,Mike Roqué,Miquel,Roqué Farrero,1988-07-08,Spain,Spain,26.0,D,Centre Central Defender
2931,144981.0,Ishmael Miller,Ishmael,Miller,1987-03-05,England,England,15.0,F,Centre Striker
2807,3726.0,Leigh Mills,Leigh,Mills,1988-02-08,England,England,54.0,D,Defender
2100,19506.0,James Milner,James,Milner,1986-01-04,England,England,7.0,M,Left/Centre/Right Central Midfielder
2908,277063.0,Robert Milsom,Robert,Milsom,1987-01-02,England,England,24.0,M,Midfielder
2637,96851.0,Aaron Mokoena,Aaron,Mokoena,1980-11-25,South Africa,South Africa,4.0,M,Centre Defensive Midfielder
3120,4198.0,Vincenzo Montella,Vincenzo,Montella,1974-06-18,Italy,Italy,11.0,F,Forward
3211,119765.0,Nick Montgomery,Nick,Montgomery,1981-10-28,Scotland,Scotland,,M,Centre Defensive Midfielder
3289,292992.0,Lewis Montrose,Lewis,Montrose,1988-11-17,England,England,6.0,M,Midfielder
2424,120464.0,Luke Moore,Luke,Moore,1986-02-13,England,England,27.0,F,Striker
1313,97055.0,Chris Morgan,Chris,Morgan,1977-11-09,England,England,5.0,D,Defender
2555,3359.0,Ivica Mornar,Ivica,Mornar,1974-01-12,Croatia,Croatia,20.0,F,Forward
2529,39500.0,James Morrison,James,Morrison,1986-05-25,Scotland,Scotland,,M,Midfielder
2636,24892.0,Morten Gamst Pedersen,Morten,Gamst Pedersen,1981-09-08,Norway,Norway,8.0,M,Left/Centre Attacking Midfielder
3153,4232.0,Emile Mpenza,Emile,Mpenza,1978-07-04,Belgium,Belgium,9.0,F,Forward
2841,95015.0,Fabrice Muamba,Fabrice,Muamba,1988-04-06,England,England,6.0,M,Centre Central Midfielder
1379,14938.0,Hayden Mullins,Hayden,Mullins,1979-03-27,England,England,5.0,M,Defensive Midfielder
1423,4624.0,Danny Murphy,Danny,Murphy,1977-03-18,England,England,13.0,M,Centre Central Midfielder
3185,97104.0,Graeme Murty,Graeme,Murty,1974-11-13,Scotland,Scotland,,D,Defender
3179,8774.0,Arnold Mvuemba,Arnold,Mvuemba,1985-01-28,France,France,28.0,M,Centre Central Midfielder
1396,3838.0,Thomas Myhre,Thomas,Myhre,1973-10-16,Norway,Norway,36.0,G,Goalkeeper
2741,3619.0,Floribert N'Galula,Floribert,N'Galula,1987-03-07,Belgium,Belgium,41.0,M,Midfielder
2755,5916.0,Charles N'Zogbia,Charles,N'Zogbia,1986-05-28,France,France,28.0,M,Left Winger
3233,120785.0,Christian Nade,Christian,Nade,1984-09-18,France,France,27.0,F,Forward
1367,6729.0,Carlo Nash,Carlo,Nash,1973-09-13,England,England,20.0,G,Goalkeeper
1882,27786.0,Gary Naysmith,Gary,Naysmith,1978-11-16,Scotland,Scotland,3.0,D,Defender
2018,10787.0,Lucas Neill,Lucas,Neill,1978-03-09,Australia,Australia,27.0,D,Centre/Right Central Defender
2634,6568.0,Ryan Nelsen,Ryan,Nelsen,1977-10-18,New Zealand,New Zealand,17.0,D,Centre Central Defender
1519,4033.0,Shaun Newton,Shaun,Newton,1975-08-20,England,England,26.0,M,Midfielder
3226,131880.0,Nicky Law,Nicholas,Law,1988-03-29,England,England,7.0,M,Left/Centre Attacking Midfielder
1927,28786.0,Nicky Weaver,Nicholas,Weaver,1979-03-02,England,England,,G,Goalkeeper
2329,5573.0,Antti Niemi,Antti,Niemi,1972-05-31,Finland,Finland,15.0,G,Goalkeeper
3014,4029.0,Mark Noble,Mark,Noble,1987-05-08,England,England,16.0,M,Centre Central Midfielder
3073,11999.0,Eddie Nolan,Eddie,Nolan,1988-08-05,Ireland,Ireland,6.0,D,Centre Central Defender
3079,100337.0,Shabani Nonda,Shabani,Nonda,1977-03-06,,,20.0,F,Centre Striker
2660,8047.0,Nuno Morais,Nuno Miguel,Morais Barbosa,1984-01-29,Portugal,Portugal,26.0,M,Centre Defensive Midfielder
2897,3862.0,Nuno Valente,Nuno Jorge,Pereira Silva Valente,1974-09-12,Portugal,Portugal,19.0,D,Defender
2647,23566.0,Joseph O'Brien,Joseph,O'Brien,1986-02-17,Ireland,Ireland,,D,Right Full Back
