id,playerId,Display Name,First Name,Last Name,Birth Date,Birth Place,National Team,Shirt Num,Position,Position Info
4007,284068.0,Sam Vokes,Sam,Vokes,1989-10-21,Wales,Wales,9.0,F,Centre Striker
15013,275388.0,Jake Vokins,Jake,Vokins,2000-03-17,England,England,,D,Defender
4398,166315.0,Michel Vorm,Michel,Vorm,1983-10-20,Netherlands,Netherlands,13.0,G,Goalkeeper
22040,278039.0,Mario Vrancic,Mario,Vrancic,1989-05-23,Croatia,Bosnia & Herzegovina,8.0,M,Centre Central Midfielder
4851,135169.0,Matej Vydra,Matej,Vydra,1992-05-01,Czech Republic,Czech Republic,27.0,F,Centre Striker
2839,277556.0,Theo Walcott,Theo,Walcott,1989-03-16,England,England,32.0,F,Right Winger
3955,50015.0,Kyle Walker,Kyle,Walker,1990-05-28,England,England,2.0,D,Right Full Back
13815,187645.0,Kyle Walker-Peters,Kyle,Walker-Peters,1997-04-13,England,England,2.0,D,Right Full Back
2047,136908.0,Jonathan Walters,Jonathan,Walters,1983-09-20,Ireland,Ireland,39.0,F,Centre Striker
8159,301231.0,Christian Walton,Christian,Walton,1995-11-09,England,England,28.0,G,Goalkeeper
14164,159994.0,Aaron Wan-Bissaka,Aaron,Wan-Bissaka,1997-11-26,England,England,29.0,D,Right Full Back
4816,30554.0,Victor Wanyama,Victor,Wanyama,1991-06-25,Kenya,Kenya,12.0,M,Centre Defensive Midfielder
3999,281237.0,Stephen Ward,Stephen,Ward,1985-08-20,Ireland,Ireland,3.0,D,Left Full Back
4617,6447.0,James Ward-Prowse,James,Ward-Prowse,1994-11-01,England,England,8.0,M,Centre Central Midfielder
9363,314473.0,Conor Washington,Conor,Washington,1992-05-18,Northern Ireland,Northern Ireland,14.0,F,Forward
21702,313793.0,Elliot Watt,Elliot,Watt,2000-03-11,England,Scotland,,M,Centre Central Midfielder
19967,286431.0,Kelland Watts,Kelland,Watts,1999-11-03,England,England,2.0,D,Centre Central Defender
9426,160892.0,Adam Webster,Adam,Webster,1995-01-04,England,England,4.0,D,Centre Central Defender
3452,259569.0,Danny Welbeck,Danny,Welbeck,1990-11-26,England,England,18.0,F,Centre Striker
8889,180235.0,Nahki Wells,Nahki,Wells,1990-06-01,Bermuda,Bermuda,21.0,F,Centre Striker
15580,289894.0,Wesley Moraes,Wesley,Moraes Ferreira da Silva,1996-11-26,Brazil,Brazil,7.0,F,Centre Striker
4489,42970.0,Ashley Westwood,Ashley,Westwood,1990-04-01,England,England,18.0,M,Centre Central Midfielder
2299,289829.0,Glenn Whelan,Glenn,Whelan,1984-01-13,Ireland,Ireland,26.0,M,Centre Defensive Midfielder
14548,284417.0,Ben White,Ben,White,1997-10-08,England,England,4.0,D,Centre/Right Central Defender
15111,90970.0,Alfie Whiteman,Alfie,Whiteman,1998-10-02,England,England,,G,Goalkeeper
4396,301494.0,Connor Wickham,Connor,Wickham,1993-03-31,England,England,19.0,F,Centre Striker
7114,279430.0,Georginio Wijnaldum,Georginio,Wijnaldum,1990-11-11,Netherlands,Netherlands,18.0,M,Centre Attacking Midfielder
10798,305297.0,Yanic-Sonny Wildschut,Yanic-Sonny,Wildschut,1991-11-01,Netherlands,Suriname,30.0,F,Forward
7105,289637.0,Jetro Willems,Jetro,Willems,1994-03-30,Netherlands,Netherlands,15.0,D,Left Full Back
4767,287510.0,Jonathan Williams,Jonathan,Williams,1993-10-09,Wales,Wales,20.0,M,Left/Centre/Right Attacking Midfielder
4748,188215.0,Willian,Willian,Borges da Silva,1988-08-09,Brazil,Brazil,12.0,F,Left/Centre/Right Winger
14446,287383.0,Joseph Willock,Joseph,Willock,1999-08-20,England,England,28.0,M,Centre Attacking Midfielder
20929,277100.0,Ben Wilmot,Ben,Wilmot,1999-11-04,England,England,16.0,D,Centre Central Defender
3547,267645.0,Jack Wilshere,Jack,Wilshere,1992-01-01,England,England,11.0,M,Centre Central Midfielder
8454,219427.0,Callum Wilson,Callum,Wilson,1992-02-27,England,England,9.0,F,Centre Striker
7488,90987.0,Harry Winks,Harry,Winks,1996-02-02,England,England,8.0,M,Centre Central Midfielder
23659,258003.0,Ben Winterbottom,Ben,Winterbottom,2001-07-16,England,England,63.0,G,Goalkeeper
23721,166329.0,Henry Wise,Henry,Wise,2000-01-01,England,England,46.0,M,Midfielder
3756,300570.0,Chris Wood,Chris,Wood,1991-12-07,New Zealand,New Zealand,20.0,F,Centre Striker
14758,315652.0,Ben Woodburn,Ben,Woodburn,1999-10-15,Wales,Wales,,M,Left/Centre/Right Winger
10479,313184.0,Freddie Woodman,Freddie,Woodman,1997-03-04,England,England,,G,Goalkeeper
14149,269125.0,Sam Woods,Sam,Woods,1998-09-11,England,England,25.0,D,Defender
21957,268619.0,Callum Wright,Callum,Wright,2000-05-02,England,England,16.0,M,Centre Central Midfielder
24151,288988.0,Xande Silva,Alexandre Nascimento,Costa Silva,1997-03-16,Portugal,Portugal,19.0,F,Right Winger
12136,26145.0,Granit Xhaka,Granit,Xhaka,1992-09-27,Switzerland,Switzerland,34.0,M,Centre Central Midfielder
66506,305627.0,Romaric Yapi,Romaric,Yapi,2000-07-13,France,France,27.0,D,Defender
6389,265104.0,Andrii Yarmolenko,Andrii,Yarmolenko,1989-10-23,Russia,Ukraine,,F,Winger
10522,312091.0,DeAndre Yedlin,DeAndre,Yedlin,1993-07-09,United States,United States,2.0,D,Right Full Back
4605,313297.0,Maya Yoshida,Maya,Yoshida,1988-08-24,Japan,Japan,22.0,D,Centre Central Defender
3062,94798.0,Ashley Young,Ashley,Young,1985-07-09,England,England,18.0,D,Left/Right Wing Back
3654,47197.0,Pablo Zabaleta,Pablo,Zabaleta,1985-01-16,Argentina,Argentina,5.0,D,Right Full Back
4539,13935.0,Wilfried Zaha,Wilfried,Zaha,1992-11-10,Cote D’Ivoire,Cote D’Ivoire,11.0,F,Left/Centre/Right Winger
25313,288543.0,Davide Zappacosta,Davide,Zappacosta,1992-06-11,Italy,Italy,77.0,D,Right Full Back
10123,281572.0,Marvin Zeegelaar,Marvin,Zeegelaar,1990-08-12,Netherlands,Netherlands,4.0,D,Left Full Back
49144,252258.0,Jordan Zemura,Jordan,Zemura,1999-11-14,Zimbabwe,Zimbabwe,33.0,D,Left Full Back
24220,286962.0,Karlo Ziger,Karlo,Ziger,2001-05-11,Croatia,Croatia,40.0,G,Goalkeeper
22047,46991.0,Christoph Zimmermann,Christoph,Zimmermann,1993-01-12,Germany,Germany,6.0,D,Centre Central Defender
19620,34626.0,Oleksandr Zinchenko,Oleksandr,Zinchenko,1996-12-15,Ukraine,Ukraine,25.0,M,Centre Attacking Midfielder
11034,290451.0,Richairo Zivkovic,Richairo,Zivkovic,1996-09-05,Netherlands,Netherlands,30.0,F,Centre Striker
24638,136290.0,Nabili Zoubdi Touaizi,Nabili,Zoubdi Touaizi,2001-02-01,Morocco,Morocco,51.0,F,Centre Striker
5175,288580.0,Kurt Zouma,Kurt,Zouma,1994-10-27,France,France,4.0,D,Centre Central Defender
51436,298720.0,Leo Østigård,Leo,Østigård,1999-11-28,Norway,Norway,5.0,D,Centre Central Defender
4618,186673.0,Adam Lallana,Adam,Lallana,1988-05-10,England,England,14.0,M,Left/Centre/Right Attacking Midfielder
4842,283441.0,Erik Lamela,Erik,Lamela,1992-03-04,Argentina,Argentina,17.0,M,Left/Centre/Right Attacking Midfielder
23704,180207.0,Tariq Lamptey,Tariq,Lamptey,2000-09-30,England,England,2.0,D,Right Full Back
3049,277645.0,Henri Lansbury,Henri,Lansbury,1990-10-12,England,England,23.0,M,Centre Central Midfielder
13872,35213.0,Manuel Lanzini,Manuel,Lanzini,1993-02-15,Argentina,Argentina,,M,Left/Centre/Right Attacking Midfielder
11044,94133.0,Aymeric Laporte,Aymeric,Laporte,1994-05-27,France,Spain,14.0,D,Centre Central Defender
30528,283740.0,Yasser Larouci,Yasser,Larouci,2001-01-01,Algeria,France,22.0,D,Left Full Back
9257,14914.0,Jamaal Lascelles,Jamaal,Lascelles,1993-11-11,England,England,16.0,D,Centre Central Defender
9603,284833.0,Caolan Lavery,Caolan,Lavery,1992-10-22,Canada,Northern Ireland,29.0,F,Centre Striker
20180,315599.0,Achraf Lazaar,Achraf,Lazaar,1992-01-22,Morocco,Morocco,23.0,D,Left Full Back
6528,289004.0,Valentino Lazaro,Valentino,Lazaro,1996-03-24,Austria,Austria,22.0,M,Right Winger
51538,314256.0,Adam Leathers,Adam,Leathers,2001-11-14,England,England,24.0,M,Midfielder
2852,51785.0,Adam Legzdins,Adam,Legzdins,1986-11-28,England,England,30.0,G,Goalkeeper
15558,289672.0,Moritz Leitner,Moritz,Leitner,1992-12-08,Germany,Germany,78.0,M,Central Midfielder
16607,282356.0,Florian Lejeune,Florian,Lejeune,1991-05-20,France,France,22.0,D,Centre Central Defender
5583,283232.0,Mario Lemina,Mario,Lemina,1993-09-01,Gabon,Gabon,99.0,M,Centre Defensive Midfielder
2270,288361.0,Aaron Lennon,Aaron,Lennon,1987-04-16,England,England,17.0,M,Right Winger
4985,129845.0,Bernd Leno,Bernd,Leno,1992-03-04,Germany,Germany,1.0,G,Goalkeeper
12299,163721.0,Léo Bonatini,Leonardo Bonatini,Lohner Maia,1994-03-28,Brazil,Brazil,13.0,F,Centre Striker
37776,135175.0,Jefferson Lerma,Jefferson,Lerma,1994-10-25,Colombia,Colombia,8.0,M,Centre Central Midfielder
23784,288286.0,Thakgalo Leshabela,Thakgalo,Leshabela,1999-09-18,South Africa,South Africa,24.0,M,Centre Attacking Midfielder
23830,275129.0,Dylan Levitt,Dylan,Levitt,2000-11-17,Wales,Wales,,M,Centre Central Midfielder
21821,314452.0,Adam Lewis,Adam,Lewis,1999-11-08,England,England,,D,Left Full Back
5520,170882.0,Stephan Lichtsteiner,Stephan,Lichtsteiner,1984-01-16,Switzerland,Switzerland,2.0,D,Right Full Back
4154,53321.0,Anders Lindegaard,Anders,Lindegaard,1984-04-13,Denmark,Denmark,22.0,G,Goalkeeper
5066,47188.0,Victor Lindelöf,Victor,Lindelöf,1994-07-17,Sweden,Sweden,2.0,D,Centre/Right Central Defender
4337,268322.0,Jesse Lingard,Jesse,Lingard,1992-12-15,England,England,11.0,M,Left/Centre/Right Attacking Midfielder
5551,296173.0,Fernando Llorente,Fernando,Llorente,1985-02-26,Spain,Spain,12.0,F,Centre Striker
4664,6503.0,Hugo Lloris,Hugo,Lloris,1986-12-26,France,France,1.0,G,Goalkeeper
19851,302843.0,Giovani Lo Celso,Giovani,Lo Celso,1996-04-09,Argentina,Argentina,17.0,M,Centre Attacking Midfielder
7124,171568.0,Jürgen Locadia,Jürgen,Locadia,1993-11-07,Netherlands,Netherlands,37.0,F,Centre Striker
5179,258900.0,Ruben Loftus-Cheek,Ruben,Loftus-Cheek,1996-01-23,England,England,15.0,M,Centre Attacking Midfielder
8006,288156.0,Andy Lonergan,Andy,Lonergan,1983-10-19,England,England,31.0,G,Goalkeeper
3837,58313.0,Kevin Long,Kevin,Long,1990-08-18,Ireland,Ireland,40.0,D,Centre/Right Full Back
23687,302936.0,Ryan Longman,Ryan,Longman,2000-11-06,England,England,16.0,F,Right Winger
23817,93885.0,Luis Longstaff,Luis,Longstaff,2001-02-24,England,England,75.0,M,Centre Attacking Midfielder
13278,288962.0,Ademola Lookman,Ademola,Lookman,1997-10-20,England,Nigeria,37.0,F,Left/Right Winger
12444,317675.0,Jonas Lössl,Jonas,Lössl,1989-02-01,Denmark,Denmark,49.0,G,Goalkeeper
4813,187060.0,Dejan Lovren,Dejan,Lovren,1989-07-05,Bosnia & Herzegovina,Croatia,6.0,D,Centre Central Defender
4487,18842.0,Matthew Lowton,Matthew,Lowton,1989-06-09,England,England,2.0,D,Right Full Back
5762,94228.0,Lucas Moura,Lucas,Rodrigues Moura da Silva,1992-08-13,Brazil,Brazil,27.0,F,Right Winger
63634,154872.0,Lucas Perri,Lucas Estella,Perri,1997-12-10,Brazil,Brazil,,G,Goalkeeper
4289,267498.0,Lucas Piazón,Gustavo Lucas,Domingues Piazón,1994-01-20,Brazil,Brazil,11.0,M,Left/Centre/Right Attacking Midfielder
4290,314976.0,Romelu Lukaku,Romelu,Lukaku,1993-05-13,Belgium,Belgium,90.0,F,Centre Striker
16088,289080.0,Dodi Lukébakio,Dodi,Lukébakio,1997-09-24,Belgium,Belgium,28.0,F,Left/Right Winger
4509,278057.0,John Lundstram,John,Lundstram,1994-02-18,England,England,4.0,M,Centre Central Midfielder
23948,160574.0,Brooklyn Lyons-Foster,Brooklyn,Lyons-Foster,2000-12-01,England,England,63.0,D,Defender
51223,284418.0,Ian Maatsen,Ian,Maatsen,2002-03-10,Netherlands,Netherlands,18.0,D,Left Full Back
63633,180215.0,Alexis Mac Allister,Alexis,Mac Allister,1998-12-24,Argentina,Argentina,10.0,M,Left/Centre/Right Attacking Midfielder
10422,313730.0,Matt Macey,Matt,Macey,1994-09-09,England,England,,G,Goalkeeper
8456,130045.0,James Maddison,James,Maddison,1996-11-23,England,England,10.0,M,Left/Centre/Right Attacking Midfielder
14574,281049.0,Jacob Maddox,Jacob,Maddox,1998-11-03,England,England,29.0,M,Centre Central Midfielder
8335,179227.0,Gary Madine,Gary,Madine,1990-08-24,England,England,14.0,F,Centre Striker
9566,161345.0,Harry Maguire,Harry,Maguire,1993-03-05,England,England,5.0,D,Centre Central Defender
7985,315741.0,Connor Mahoney,Connor,Mahoney,1997-02-12,England,England,,M,Left/Right Winger
8983,131779.0,Riyad Mahrez,Riyad,Mahrez,1991-02-21,France,Algeria,26.0,F,Left/Right Winger
66497,292010.0,Archie Mair,Archie,Mair,2001-02-10,Scotland,Scotland,29.0,G,Goalkeeper
10428,300405.0,Ainsley Maitland-Niles,Ainsley,Maitland-Niles,1997-08-29,England,England,15.0,M,Left/Right Wing Back
6519,314750.0,Sadio Mané,Sadio,Mané,1992-04-10,Senegal,Senegal,17.0,F,Left/Right Winger
5334,162276.0,Eliaquim Mangala,Eliaquim,Mangala,1991-02-13,France,France,4.0,D,Centre Central Defender
4918,50136.0,Javier Manquillo,Javier,Manquillo,1994-05-05,Spain,Spain,19.0,D,Right Full Back
8171,10212.0,Solly March,Solly,March,1994-07-20,England,England,20.0,M,Left/Centre/Right Attacking Midfielder
20097,315799.0,Pablo Marí,Pablo,Marí,1993-08-31,Spain,Spain,22.0,D,Centre Central Defender
3251,311668.0,Adrian Mariappa,Adrian,Mariappa,1986-10-03,England,Jamaica,,D,Central Defender
5078,126089.0,Lazar Markovic,Lazar,Markovic,1994-03-02,Serbia,Serbia,50.0,M,Left/Right Winger
15136,280999.0,George Marsh,George,Marsh,1998-11-05,England,England,6.0,M,Centre Central Midfielder
3945,130625.0,Ben Marshall,Ben,Marshall,1991-03-29,England,England,7.0,M,Left/Right Winger
11272,315183.0,Anthony Martial,Anthony,Martial,1995-12-05,France,France,22.0,F,Left/Centre/Right Striker
26977,301082.0,Josh Martin,Josh,Martin,2001-09-09,England,England,21.0,M,Left/Right Winger
4245,252275.0,Emiliano Martínez,Emiliano,Martínez,1992-09-02,Argentina,Argentina,1.0,G,Goalkeeper
49992,130672.0,Adam Masina,Adam,Masina,1994-01-02,Morocco,Morocco,11.0,D,Left Full Back
4741,161141.0,Joe Mason,Joe,Mason,1991-05-13,England,England,20.0,F,Centre Striker
10703,304199.0,Mason Bloomfield,Mason,Enigbokan-Bloomfield,1996-11-04,England,England,,F,Forward
13932,167431.0,Ntumba Massanka,Ntumba,Massanka,1996-11-30,England,England,18.0,M,Midfielder
11284,31289.0,Arthur Masuaku,Arthur,Masuaku,1993-11-07,France,DR Congo,26.0,D,Left Full Back
4287,7431.0,Juan Mata,Juan,Mata,1988-04-28,Spain,Spain,8.0,M,Left/Centre/Right Attacking Midfielder
52625,300784.0,Luke Matheson,Luke,Matheson,2002-10-02,England,England,41.0,D,Right Full Back
3861,314809.0,Nemanja Matic,Nemanja,Matic,1988-08-01,Yugoslavia,Serbia,,M,Centre Central Midfielder
5375,26146.0,Joel Matip,Joel,Matip,1991-08-08,Germany,Cameroon,32.0,D,Centre Central Defender
16256,161393.0,Neal Maupay,Neal,Maupay,1996-08-14,France,France,9.0,F,Centre Striker
32638,257038.0,Konstantinos Mavropanos,Konstantinos,Mavropanos,1997-12-11,Greece,Greece,5.0,D,Centre Central Defender
4224,52229.0,James McArthur,James,McArthur,1987-10-07,Scotland,Scotland,,M,Central Midfielder
8107,160847.0,Oliver McBurnie,Oliver,McBurnie,1996-06-04,England,Scotland,9.0,F,Centre Striker
52903,280742.0,Sam McCallum,Sam,McCallum,2000-09-02,England,England,16.0,D,Left Full Back
3979,289231.0,James McCarthy,James,McCarthy,1990-11-12,Ireland,Ireland,16.0,M,Centre Central Midfielder
8956,138958.0,Ross McCormack,Ross,McCormack,1986-08-18,Scotland,Scotland,44.0,F,Centre Striker
14587,259245.0,George McEachran,George,McEachran,2000-08-30,England,England,,M,Centre Attacking Midfielder
51423,135200.0,John McGinn,John,McGinn,1994-10-18,Scotland,Scotland,7.0,M,Centre Central Midfielder
2340,315684.0,David McGoldrick,David,McGoldrick,1987-11-29,Ireland,Ireland,,F,Centre Striker
19675,31037.0,Michael McGovern,Michael,McGovern,1984-07-12,Northern Ireland,Northern Ireland,33.0,G,Goalkeeper
24342,136329.0,Giovanni McGregor,Giovanni,McGregor,1999-01-09,England,England,30.0,M,Midfielder
14481,285229.0,Harry McKirdy,Harry,McKirdy,1997-03-29,England,England,11.0,F,Centre Striker
33061,130622.0,Kenny McLean,Kenny,McLean,1992-01-08,Scotland,Scotland,23.0,M,Centre Central Midfielder
24797,135908.0,Dwight McNeil,Dwight,McNeil,1999-11-22,England,England,11.0,M,Left/Centre Winger
9649,309254.0,Sam McQueen,Sam,McQueen,1995-02-06,England,England,,M,Left Winger
14824,53206.0,Scott McTominay,Scott,McTominay,1996-12-08,England,Scotland,39.0,M,Centre Central Midfielder
21958,277711.0,Zech Medley,Zech,Medley,2000-07-09,England,England,3.0,D,Centre Central Defender
3909,10292.0,Ben Mee,Ben,Mee,1989-09-21,England,England,6.0,D,Left/Centre Central Defender
23835,315668.0,D'Mani Mellor,D'Mani,Mellor,2000-09-20,England,England,21.0,F,Centre Striker
19617,190142.0,Nampalys Mendy,Nampalys,Mendy,1992-06-23,Senegal,Senegal,,M,Midfielder
2911,127990.0,Pepe Reina,José Manuel,Reina Páez,1982-08-31,Spain,Spain,1.0,G,Goalkeeper
11213,281575.0,Roberto Pereyra,Roberto,Pereyra,1991-01-07,Argentina,Argentina,37.0,M,Centre Attacking Midfielder
10487,160156.0,Ayoze Pérez,Ayoze,Pérez,1993-07-29,Spain,Spain,17.0,F,Centre/Right Striker
20079,285331.0,Taylor Perry,Taylor,Perry,2001-07-15,England,England,18.0,M,Centre Attacking Midfielder
14051,302750.0,Nathaniel Phillips,Nathaniel,Phillips,1997-03-21,England,England,2.0,D,Centre Central Defender
4640,53188.0,Jordan Pickford,Jordan,Pickford,1994-03-07,England,England,1.0,G,Goalkeeper
53151,138686.0,Brandon Pierrick,Brandon,Pierrick,2001-12-10,England,England,40.0,F,Right Winger
4821,160313.0,Erik Pieters,Erik,Pieters,1988-08-07,Netherlands,Netherlands,23.0,D,Left Full Back
14433,170960.0,Julio Pleguezuelo,Julio,Pleguezuelo,1997-01-26,Spain,Spain,4.0,D,Centre Central Defender
3920,172304.0,Paul Pogba,Paul,Pogba,1993-03-15,France,France,10.0,M,Centre Central Midfielder
10079,313738.0,Nick Pope,Nick,Pope,1992-04-19,England,England,,G,Goalkeeper
32229,315211.0,Pedro Porro,Pedro,Porro,1999-09-13,Spain,Spain,,D,Right Full Back
24834,264741.0,Pote,Pedro António,Pereira Gonçalves,1998-06-28,Portugal,Portugal,28.0,M,Centre Attacking Midfielder
19929,288270.0,Ian Poveda-Ocampo,Ian,Poveda-Ocampo,2000-02-09,England,England,30.0,F,Right Winger
15200,179152.0,Joe Powell,Joe,Powell,1998-10-30,England,England,8.0,M,Centre Attacking Midfielder
19923,166961.0,Iker Pozo,Iker,Pozo,2000-08-06,Spain,Spain,,M,Midfielder
5860,293517.0,Dennis Praet,Dennis,Praet,1994-05-14,Belgium,Belgium,26.0,M,Centre Attacking Midfielder
13822,281604.0,Sebastian Prödl,Sebastian,Prödl,1987-06-21,Austria,Austria,4.0,D,Centre Central Defender
16790,114730.0,Davy Pröpper,Davy,Pröpper,1991-09-02,Netherlands,Netherlands,14.0,M,Centre Central Midfielder
8049,261396.0,Marc Pugh,Marc,Pugh,1987-04-02,England,England,27.0,M,Left Winger
25464,296096.0,Arnau Puigmal,Arnau,Puigmal,2001-01-10,Spain,Spain,26.0,M,Centre Central Midfielder
5169,130627.0,Teemu Pukki,Teemu,Pukki,1990-03-29,Finland,Finland,22.0,F,Centre Striker
15559,144698.0,Christian Pulisic,Christian,Pulisic,1998-09-18,United States,United States,22.0,M,Left/Centre/Right Attacking Midfielder
4084,144539.0,Jason David Ian Puncheon,Jason David Ian,Puncheon,1986-06-18,England,England,42.0,M,Left/Centre/Right Attacking Midfielder
50960,281579.0,Ignacio Pussetto,Ignacio,Pussetto,1995-12-21,Argentina,Argentina,23.0,F,Centre/Right Second Striker
49193,306273.0,Bojan Radulovic,Bojan,Radulovic,1999-12-29,Serbia,Serbia,,F,Forward
16270,288159.0,Rafa Mir,Rafael,Mir Vicente,1997-06-18,Spain,Spain,12.0,F,Centre Striker
23820,289483.0,Rafael Camacho,Rafael Euclides,Soares Camacho,2000-05-22,Portugal,Portugal,64.0,M,Winger
8616,161236.0,Sean Raggett,Sean,Raggett,1993-04-17,England,England,20.0,D,Centre Central Defender
25267,262683.0,Largie Ramazani,Largie,Ramazani,2001-02-27,Belgium,Belgium,32.0,F,Winger
11074,284909.0,Sandro Ramírez,Sandro,Ramírez,1995-07-09,Spain,Spain,12.0,F,Left/Centre/Right Winger
24001,281073.0,Kayne Ramsay,Kayne,Ramsay,2000-10-10,England,England,2.0,D,Right Full Back
13703,288169.0,Aaron Ramsdale,Aaron,Ramsdale,1998-05-14,England,England,32.0,G,Goalkeeper
3548,303239.0,Aaron Ramsey,Aaron,Ramsey,1990-12-26,Wales,Wales,16.0,M,Centre Central Midfielder
2216,274363.0,Darren Randolph,Darren,Randolph,1987-05-12,Ireland,Ireland,,G,Goalkeeper
13565,19620.0,Marcus Rashford,Marcus,Rashford,1997-10-31,England,England,10.0,F,Left/Centre Second Striker
3811,30552.0,Nathan Redmond,Nathan,Redmond,1994-03-06,England,England,11.0,M,Left/Right Winger
4818,202622.0,Harrison Reed,Harrison,Reed,1995-01-27,England,England,6.0,M,Centre Central Midfielder
4209,268500.0,Winston Reid,Winston,Reid,1988-07-03,New Zealand,New Zealand,23.0,D,Centre Central Defender
16003,180211.0,Panagiotis Retsos,Panagiotis,Retsos,1998-08-09,South Africa,Greece,29.0,D,Centre Central Defender
14477,288844.0,Dominic Revan,Dominic,Revan,2000-09-19,England,England,24.0,D,Centre Central Defender
7990,27803.0,Jordan Rhodes,Jordan,Rhodes,1990-02-05,Scotland,Scotland,9.0,F,Centre Striker
5343,129749.0,Ricardo Pereira,Ricardo Domingos,Barbosa Pereira,1993-10-06,Portugal,Portugal,21.0,D,Right Full Back
15202,59919.0,Declan Rice,Declan,Rice,1999-01-14,England,England,41.0,M,Centre Central Midfielder
19928,304964.0,Taylor Richards,Taylor,Richards,2000-12-04,England,England,,M,Midfielder
67198,235010.0,Lewis Richardson,Lewis,Richardson,2003-02-07,England,England,10.0,F,Centre Striker
24630,314636.0,Richarlison,Richarlison,de Andrade,1997-05-10,Brazil,Brazil,9.0,F,Left/Centre/Right Second Striker
26076,283466.0,Diego Rico,Diego,Rico,1993-02-23,Spain,Spain,15.0,D,Left Full Back
4878,50336.0,Jairo Riedewald,Jairo,Riedewald,1996-09-09,Netherlands,Netherlands,44.0,M,Centre Central Midfielder
3934,30598.0,Matt Ritchie,Matt,Ritchie,1989-09-10,England,Scotland,11.0,M,Left/Right Winger
13511,19511.0,Roberto Firmino,Roberto Firmino,Barbosa de Oliveira,1991-10-02,Brazil,Brazil,9.0,F,Left/Centre/Right Striker
24809,316183.0,Haydon Roberts,Haydon,Roberts,2002-05-10,England,England,,D,Left/Centre Central Defender
10458,50135.0,Andrew Robertson,Andrew,Robertson,1994-03-11,Scotland,Scotland,26.0,D,Left Full Back
4725,270980.0,Callum Robinson,Callum,Robinson,1995-02-02,England,Ireland,,F,Left/Centre Striker
5044,311915.0,Roderick Miranda,Roderick Jefferson,Gonçalves Miranda,1991-03-30,Portugal,Portugal,,D,Central Defender
16286,160158.0,Rodri,Rodrigo,Hernández,1996-06-22,Spain,Spain,16.0,M,Centre Central Midfielder
3851,95187.0,Jay Rodriguez,Jay,Rodriguez,1989-07-29,England,England,19.0,F,Left/Centre/Right Second Striker
3389,311676.0,Jack Rodwell,Jack,Rodwell,1991-03-11,England,England,,M,Midfielder
10472,295821.0,Marcos Rojo,Marcos,Rojo,1990-03-20,Argentina,Argentina,6.0,D,Left/Centre Central Defender
15135,288922.0,Jack Roles,Jack,Roles,1999-02-26,England,Cyprus,,M,Centre Central Midfielder
13555,19603.0,Sergio Romero,Sergio,Romero,1987-02-22,Argentina,Argentina,22.0,G,Goalkeeper
4286,20061.0,Oriol Romeu,Oriol,Romeu,1991-09-24,Spain,Spain,6.0,M,Centre Defensive Midfielder
6030,288985.0,Salomón Rondón,Salomón,Rondón,1989-09-16,Venezuela,Venezuela,33.0,F,Centre Striker
3507,277658.0,Danny Rose,Danny,Rose,1990-07-02,England,England,3.0,D,Left Full Back
11180,49704.0,Rúben Neves,Rúben Diogo,da Silva Neves,1997-03-13,Portugal,Portugal,8.0,M,Centre Central Midfielder
20171,315966.0,Rúben Vinagre,Rúben Gonçalo,Silva Nascimento Vinagre,1999-04-09,Portugal,Portugal,,D,Left Full Back
2896,258968.0,John Ruddy,John,Ruddy,1986-10-24,England,England,21.0,G,Goalkeeper
16801,315688.0,Antonio Rüdiger,Antonio,Rüdiger,1993-03-03,Germany,Germany,22.0,D,Defender
11341,280895.0,Rui Patrício,Rui Pedro,dos Santos Patrício,1988-02-15,Portugal,Portugal,1.0,G,Goalkeeper
25203,175680.0,Lukas Rupp,Lukas,Rupp,1991-01-08,Germany,Germany,7.0,M,Left/Centre/Right Central Midfielder
53176,138712.0,Will Russ,Will,Russ,2002-11-08,Wales,Wales,,M,Midfielder
12192,280853.0,Mathew Ryan,Mathew,Ryan,1992-04-08,Australia,Australia,13.0,G,Goalkeeper
12817,160846.0,Allan Saint-Maximin,Allan,Saint-Maximin,1997-03-12,France,France,10.0,F,Left/Right Winger
20745,314732.0,Romain Saïss,Romain,Saïss,1990-03-26,France,Morocco,26.0,D,Centre Central Defender
6251,131640.0,Henri Saivet,Henri,Saivet,1990-10-26,Senegal,Senegal,,M,Midfielder
49481,135654.0,Bukayo Saka,Bukayo,Saka,2001-09-05,England,England,77.0,F,Left Winger
4796,315859.0,Mamadou Sakho,Mamadou,Sakho,1990-02-13,France,France,75.0,D,Centre Central Defender
10004,21262.0,Bakary Sako,Bakary,Sako,1988-04-26,France,Mali,,M,Midfielder
66204,289352.0,William Saliba,William,Saliba,2001-03-24,France,France,2.0,D,Central Defender
20490,289138.0,Mbwana Samatta,Mbwana,Samatta,1992-12-23,Tanzania,Tanzania,70.0,F,Centre Striker
15257,268901.0,Austin Samuels,Austin,Samuels,2000-11-20,England,England,14.0,F,Centre Striker
14538,161400.0,Robert Sánchez,Robert,Sánchez,1997-11-18,Spain,Spain,25.0,G,Goalkeeper
14554,268742.0,Max Sanders,Max,Sanders,1999-01-04,England,England,6.0,M,Centre Central Midfielder
15218,315669.0,Dion Sanderson,Dion,Sanderson,1999-12-15,England,England,,D,Centre/Right Full Back
33238,303342.0,Philippe Sandler,Philippe,Sandler,1997-02-10,Netherlands,Netherlands,13.0,D,Defender
5384,184687.0,Leroy Sané,Leroy,Sané,1996-01-11,Germany,Germany,10.0,F,Left/Centre/Right Winger
14463,283457.0,Matija Sarkic,Matija,Sarkic,1997-07-23,England,Montenegro,13.0,G,Goalkeeper
70150,302950.0,Christian Saydee,Christian,Saydee,2002-05-10,England,England,15.0,F,Centre Striker
5220,275377.0,Fabian Schär,Fabian,Schär,1991-12-20,Switzerland,Switzerland,,D,Defender
16234,90688.0,Ezequiel Schelotto,Ezequiel,Schelotto,1989-05-23,Argentina,Argentina,21.0,D,Defender
8980,42702.0,Jeffrey Schlupp,Jeffrey,Schlupp,1992-12-23,Germany,Ghana,15.0,M,Left Winger
2508,11230.0,Kasper Schmeichel,Kasper,Schmeichel,1986-11-05,Denmark,Denmark,1.0,G,Goalkeeper
4615,258394.0,Morgan Schneiderlin,Morgan,Schneiderlin,1989-11-08,France,France,6.0,M,Centre Defensive Midfielder
25089,171575.0,Ken Sema,Ken,Sema,1993-09-30,Sweden,Sweden,12.0,M,Right Winger
65981,299634.0,Joel Senior,Joel,Senior,1999-06-24,England,England,2.0,D,Right Full Back
14656,287667.0,Ryan Sessegnon,Ryan,Sessegnon,2000-05-18,England,England,,M,Midfielder
19844,268994.0,Meritan Shabani,Meritan,Shabani,1999-03-15,Germany,Germany,,M,Midfielder
5267,289343.0,Xherdan Shaqiri,Xherdan,Shaqiri,1991-10-10,Kosovo,Switzerland,29.0,M,Left/Right Winger
4626,20023.0,Billy Sharp,Billy,Sharp,1986-02-05,England,England,10.0,F,Centre Striker
4608,14011.0,Luke Shaw,Luke,Shaw,1995-07-12,England,England,23.0,D,Left Full Back
4135,19695.0,Jonjo Shelvey,Jonjo,Shelvey,1992-02-27,England,England,8.0,M,Centre Central Midfielder
50462,186823.0,Sam Sherring,Sam,Sherring,2000-05-08,England,England,50.0,D,Defender
12576,293406.0,Djibril Sidibé,Djibril,Sidibé,1992-07-29,France,France,19.0,D,Right Full Back
23797,166691.0,Sidnei Tavares,Sidnei Wilson Vieira David,Tavares,2001-09-29,Portugal,Portugal,,M,Centre Central Midfielder
4421,52240.0,Gylfi Sigurdsson,Gylfi,Sigurdsson,1989-09-08,Iceland,Iceland,10.0,M,Left/Centre/Right Attacking Midfielder
4145,189086.0,David Silva,David,Silva,1986-01-08,Spain,Spain,21.0,M,Left/Centre/Right Attacking Midfielder
19925,267848.0,Ellis Simms,Ellis,Simms,2001-01-05,England,England,19.0,F,Centre Striker
13193,268856.0,Jack Simpson,Jack,Simpson,1996-12-18,England,England,15.0,D,Centre Central Defender
15374,259467.0,Josh Sims,Josh,Sims,1997-03-28,England,England,20.0,M,Left/Right Winger
4529,259052.0,Jerome Sinclair,Jerome,Sinclair,1996-09-20,England,England,,F,Centre Striker
4549,288560.0,Moussa Sissoko,Moussa,Sissoko,1989-08-16,France,France,19.0,M,Centre/Right Central Midfielder
74743,262180.0,Melvin Sitti,Melvin,Sitti,2000-02-14,France,France,28.0,M,Midfielder
21413,189076.0,Oliver Skipp,Oliver,Skipp,2000-09-16,England,England,20.0,M,Centre Central Midfielder
21385,302331.0,Regan Slater,Regan,Slater,1999-09-11,England,England,27.0,M,Centre Defensive Midfielder
15002,267529.0,Callum Slattery,Callum,Slattery,1999-02-08,England,England,20.0,M,Centre Central Midfielder
11364,172378.0,Islam Slimani,Islam,Slimani,1988-06-18,Algeria,Algeria,9.0,F,Centre Striker
14997,162158.0,William Smallbone,William,Smallbone,2000-02-21,England,Ireland,20.0,M,Midfielder
3613,259066.0,Chris Smalling,Chris,Smalling,1989-11-22,England,England,6.0,D,Centre Central Defender
19862,281080.0,Matthew Smith,Matthew,Smith,2000-10-05,England,England,14.0,M,Centre Central Midfielder
14445,272994.0,Emile Smith Rowe,Emile,Smith Rowe,2000-07-28,England,England,,M,Midfielder
4558,304946.0,Robert Snodgrass,Robert,Snodgrass,1987-09-07,Scotland,Scotland,12.0,M,Left/Right Attacking Midfielder
10443,144510.0,Dominic Solanke,Dominic,Solanke,1997-09-14,England,England,9.0,F,Centre Striker
4999,20239.0,Son Heung-Min,Heung-Min,Son,1992-07-08,South Korea,South Korea,7.0,F,Left/Centre/Right Winger
49158,305777.0,Andreas Söndergaard,Andreas,Söndergaard,2001-01-17,Denmark,Denmark,22.0,G,Goalkeeper
10444,289843.0,Pape Souaré,Pape,Souaré,1990-06-06,Senegal,Senegal,27.0,D,Left Full Back
25183,259014.0,Tomas Soucek,Tomas,Soucek,1995-02-27,Czech Republic,Czech Republic,28.0,M,Centre Defensive Midfielder
26216,135250.0,Çaglar Söyüncü,Çaglar,Söyüncü,1996-05-23,Turkey,Turkey,4.0,D,Centre Central Defender
19867,295791.0,Bayli Spencer-Adams,Bayli,Spencer-Adams,2001-06-26,England,England,63.0,D,Defender
2664,21225.0,Julian Speroni,Julian,Speroni,1979-05-18,Argentina,Argentina,,G,Goalkeeper
24722,289865.0,Jack Spong,Jack,Spong,2002-02-04,England,England,55.0,M,Centre Central Midfielder
33067,187187.0,Dennis Srbeny,Dennis,Srbeny,1994-05-05,Germany,Germany,18.0,F,Centre Striker
10881,160312.0,Jack Stacey,Jack,Stacey,1996-04-06,England,England,17.0,D,Right Wing Back
3766,14289.0,Junior Stanislas,Junior,Stanislas,1989-11-26,England,England,19.0,M,Left/Right Winger
2485,281805.0,Richard Stearman,Richard,Stearman,1987-08-19,England,England,,D,Central Defender
3457,166336.0,Jason Steele,Jason,Steele,1990-08-18,England,England,,G,Goalkeeper
4348,302797.0,Jed Steer,Jed,Steer,1992-09-23,England,England,25.0,G,Goalkeeper
54392,184428.0,Zack Steffen,Zack,Steffen,1995-04-02,United States,United States,13.0,G,Goalkeeper
4779,98488.0,Maarten Stekelenburg,Maarten,Stekelenburg,1982-09-22,Netherlands,Netherlands,1.0,G,Goalkeeper
913,183161.0,Michael Stensgaard,Michael,Stensgaard,1974-09-01,Denmark,Denmark,,G,Goalkeeper
8168,256106.0,Dale Stephens,Dale,Stephens,1989-06-12,England,England,16.0,M,Centre Central Midfielder
14572,288639.0,Dujon Sterling,Dujon,Sterling,1999-10-24,England,England,35.0,D,Right Full Back
10482,266634.0,Jamie Sterry,Jamie,Sterry,1995-11-21,England,England,2.0,D,Right Full Back
4258,47001.0,Enda Stevens,Enda,Stevens,1990-07-09,Ireland,Ireland,3.0,D,Left Full Back
51561,170115.0,Layton Stewart,Layton,Stewart,2002-09-03,England,England,97.0,F,Striker
23199,289635.0,Marco Stiepermann,Marco,Stiepermann,1991-02-09,Germany,Germany,22.0,F,Centre Striker
4505,31291.0,John Stones,John,Stones,1994-05-28,England,England,5.0,D,Centre Central Defender
3154,183551.0,Daniel Sturridge,Daniel,Sturridge,1989-09-01,England,England,19.0,F,Centre Striker
4325,159863.0,Denis Suárez,Denis,Suárez,1994-01-06,Spain,Spain,6.0,M,Left/Centre/Right Attacking Midfielder
19618,315803.0,Isaac Success,Isaac,Success,1996-01-07,Nigeria,Nigeria,7.0,F,Centre Striker
2338,286727.0,Andrew Surman,Andrew,Surman,1986-08-20,South Africa,England,16.0,M,Centre Central Midfielder
13195,302943.0,Sam Surridge,Sam,Surridge,1998-07-28,England,England,16.0,F,Centre Striker
5428,126920.0,Markus Suttner,Markus,Suttner,1987-04-16,Austria,Austria,29.0,D,Left Full Back
15685,288761.0,Alexander Sørloth,Alexander,Sørloth,1995-12-05,Norway,Norway,23.0,F,Left/Centre/Right Striker
15116,90975.0,Japhet Tanganga,Japhet,Tanganga,1999-03-31,England,England,25.0,D,Defender
15322,279448.0,Shani Tarashaj,Shani,Tarashaj,1995-02-07,Switzerland,Switzerland,,F,Forward
4815,314645.0,Matt Targett,Matt,Targett,1995-09-18,England,England,,D,Left Full Back
8143,314846.0,James Tarkowski,James,Tarkowski,1992-11-19,England,England,2.0,D,Centre Central Defender
40320,298457.0,Percy Tau,Percy,Tau,1994-05-13,South Africa,South Africa,23.0,F,Left/Centre/Right Second Striker
24000,263417.0,Nikola Tavares,Nikola,Tavares,1999-01-17,South Africa,Croatia,36.0,D,Centre Central Defender
4402,296444.0,Neil Taylor,Neil,Taylor,1989-02-07,Wales,Wales,3.0,D,Left Full Back
92692,256874.0,Slobodan Tedic,Slobodan,Tedic,2000-04-13,Serbia,Serbia,9.0,F,Centre Striker
14452,234848.0,Nathan Tella,Nathan,Tella,1999-07-05,England,England,23.0,M,Right Winger
4560,6363.0,Alexander Tettey,Alexander,Tettey,1986-04-04,Norway,Norway,27.0,M,Centre Defensive Midfielder
63836,267918.0,Bobby Thomas,Bobby,Thomas,2001-01-30,England,England,31.0,D,Centre Central Defender
19869,302460.0,Dominic Thompson,Dominic,Thompson,2000-07-26,England,England,22.0,D,Left Full Back
5865,160314.0,Youri Tielemans,Youri,Tielemans,1997-05-07,Belgium,Belgium,8.0,M,Centre Central Midfielder
12185,161999.0,Kieran Tierney,Kieran,Tierney,1997-06-05,Scotland,Scotland,3.0,D,Left Full Back
14916,261290.0,Timi Odusina,Oluwarotimi,Odusina,1999-10-28,England,England,5.0,D,Central Defender
14778,287374.0,Tom Dele-Bashiru,Ayotomiwa,Dele-Bashiru,1999-09-17,England,Nigeria,19.0,M,Centre Central Midfielder
3517,51519.0,James Tomkins,James,Tomkins,1989-03-29,England,England,5.0,D,Defender
13281,280651.0,Fikayo Tomori,Fikayo,Tomori,1997-12-19,Canada,England,23.0,D,Centre Central Defender
19681,259027.0,Toni Martínez,Antonio,Martínez López,1997-06-30,Spain,Spain,29.0,F,Centre Striker
23033,314967.0,Lucas Torreira,Lucas,Torreira,1996-02-11,Uruguay,Uruguay,18.0,M,Defensive Midfielder
12114,114783.0,Cenk Tosun,Cenk,Tosun,1991-06-07,Germany,Turkey,9.0,F,Centre Striker
3724,282044.0,Andros Townsend,Andros,Townsend,1991-07-16,England,England,14.0,M,Left/Right Winger
4979,302612.0,Adama Traoré,Adama,Traoré,1996-01-25,Spain,Spain,11.0,F,Right Winger
50453,267034.0,Mark Travers,Mark,Travers,1999-05-18,Ireland,Ireland,1.0,G,Goalkeeper
16087,315554.0,Trézéguet,Mahmoud Ahmed Ibrahim,Hassan,1994-10-01,Egypt,Egypt,,M,Left/Right Winger
3905,300029.0,Kieran Trippier,Kieran,Trippier,1990-09-19,England,England,15.0,D,Right Full Back
20486,159713.0,Leandro Trossard,Leandro,Trossard,1994-12-04,Belgium,Belgium,11.0,F,Left/Centre Winger
20051,160925.0,Nathan Trott,Nathan,Trott,1998-11-21,Bermuda,England,1.0,G,Goalkeeper
24412,259465.0,Tom Trybull,Tom,Trybull,1993-03-09,Germany,Germany,19.0,M,Centre Defensive Midfielder
9474,282921.0,Aaron Tshibola,Aaron,Tshibola,1995-01-02,England,DR Congo,8.0,M,Centre Central Defender
13559,300205.0,Axel Tuanzebe,Axel,Tuanzebe,1997-11-14,England,England,3.0,D,Central Defender
14949,261298.0,Joe Tupper,Joe,Tupper,1997-11-15,England,England,,G,Goalkeeper
14593,303402.0,Iké Ugbo,Iké,Ugbo,1998-09-21,England,Canada,13.0,F,Centre Striker
8174,168961.0,Leonardo Ulloa,Leonardo,Ulloa,1986-07-26,Argentina,Argentina,9.0,F,Centre Striker
3285,5421.0,Antonio Valencia,Antonio,Valencia,1985-08-04,Ecuador,Ecuador,25.0,D,Right Full Back
15011,268670.0,Yan Valery,Yan,Valery,1999-02-22,France,France,6.0,D,Right Full Back
19564,188632.0,Jesús Vallejo,Jesús,Vallejo,1997-01-05,Spain,Spain,20.0,D,Centre Central Defender
3362,283846.0,Patrick van Aanholt,Patrick,van Aanholt,1990-08-29,Netherlands,Netherlands,6.0,D,Left Full Back
65987,268602.0,Sepp van den Berg,Sepp,van den Berg,2001-12-20,Netherlands,Netherlands,2.0,D,Centre Central Defender
5140,92622.0,Virgil van Dijk,Virgil,van Dijk,1991-07-08,Netherlands,Netherlands,4.0,D,Centre Central Defender
4747,277149.0,Marco van Ginkel,Marco,van Ginkel,1992-12-01,Netherlands,Netherlands,8.0,M,Central Midfielder
8979,11259.0,Jamie Vardy,Jamie,Vardy,1987-01-11,England,England,9.0,F,Centre Striker
31670,312108.0,Indiana Vassilev,Indiana,Vassilev,2001-02-16,United States,United States,17.0,M,Left/Centre/Right Attacking Midfielder
32602,277414.0,Michael Verrips,Michael,Verrips,1996-12-03,Netherlands,Netherlands,21.0,G,Goalkeeper
4666,188573.0,Jan Vertonghen,Jan,Vertonghen,1987-04-24,Belgium,Belgium,5.0,D,Centre Full Back
20109,287385.0,Jannik Vestergaard,Jannik,Vestergaard,1992-08-03,Denmark,Denmark,23.0,D,Centre Central Defender
25312,288634.0,Nikola Vlasic,Nikola,Vlasic,1997-10-04,Croatia,Croatia,11.0,M,Centre Attacking Midfielder
9377,315679.0,Conor Hourihane,Conor,Hourihane,1991-02-02,Ireland,Ireland,,M,Centre Central Midfielder
23702,52102.0,Callum Hudson-Odoi,Callum,Hudson-Odoi,2000-11-07,England,England,20.0,F,Left/Right Winger
8589,288559.0,Will Hughes,Will,Hughes,1995-04-17,England,England,12.0,M,Centre Central Midfielder
9417,302716.0,Jordan Hugill,Jordan,Hugill,1992-06-04,England,England,9.0,F,Centre Striker
13550,315653.0,Cameron Humphreys-Grant,Cameron,Humphreys-Grant,1998-08-22,England,England,24.0,D,Centre Central Defender
24340,289780.0,Joseph Hungbo,Joseph,Hungbo,2000-01-15,England,England,36.0,M,Left Winger
8598,185907.0,James Husband,James,Husband,1994-01-03,England,England,3.0,D,Left Full Back
3506,9993.0,Alan Hutton,Alan,Hutton,1984-11-30,Scotland,Scotland,3.0,D,Defender
5272,187646.0,Pierre-Emile Højbjerg,Pierre-Emile,Højbjerg,1995-08-05,Denmark,Denmark,5.0,M,Centre Central Midfielder
4527,280778.0,Jordon Ibe,Jordon,Ibe,1995-12-08,England,England,,F,Left/Right Wing Back
7234,144941.0,Vicente Iborra,Vicente,Iborra,1988-01-16,Spain,Spain,10.0,M,Centre Central Midfielder
24641,161537.0,Adam Idah,Adam,Idah,2001-02-11,Ireland,Ireland,35.0,F,Centre Striker
12582,162322.0,Idrissa Gueye,Idrissa,Gueye,1989-09-26,Senegal,Senegal,27.0,M,Centre Defensive Midfielder
10957,303519.0,Odion Ighalo,Odion,Ighalo,1989-06-16,Nigeria,Nigeria,9.0,F,Forward
13554,51676.0,Kelechi Iheanacho,Kelechi,Iheanacho,1996-10-03,Nigeria,Nigeria,14.0,F,Centre Striker
8245,285030.0,Danny Ings,Danny,Ings,1992-07-23,England,England,20.0,F,Centre Striker
4760,259442.0,Ryan Inniss,Ryan,Inniss,1995-06-05,England,England,24.0,D,Centre Central Defender
49796,161990.0,Ismaïla Sarr,Ismaïla,Sarr,1998-02-25,Senegal,Senegal,23.0,F,Left/Right Winger
5079,175420.0,Ivan Cavaleiro,Ivan Ricardo,Neves Abreu Cavaleiro,1993-10-18,Portugal,Portugal,17.0,F,Left/Right Winger
15332,313185.0,Daniel Iversen,Daniel,Iversen,1997-07-19,Denmark,Denmark,22.0,G,Goalkeeper
6292,287812.0,Ivo Pinto,Ivo Daniel,Ferreira Mendonça Pinto,1990-01-07,Portugal,Portugal,6.0,D,Left Full Back
4717,162020.0,Alexander Iwobi,Alexander,Iwobi,1996-05-03,Nigeria,Nigeria,17.0,F,Left/Centre/Right Second Striker
12212,17457.0,José Izquierdo,José,Izquierdo,1992-07-07,Colombia,Colombia,21.0,F,Left Winger
33056,288939.0,Jaroslaw Jach,Jaroslaw,Jach,1994-02-17,Poland,Poland,,D,Defender
3222,300740.0,Phil Jagielka,Phil,Jagielka,1982-08-17,England,England,19.0,D,Centre Central Defender
15480,282098.0,Alireza Jahanbakhsh,Alireza,Jahanbakhsh,1993-08-11,Iran,Iran,9.0,F,Forward
4786,6686.0,Eldin Jakupovic,Eldin,Jakupovic,1984-10-02,Switzerland,Switzerland,16.0,G,Goalkeeper
14571,52087.0,Reece James,Reece,James,1999-12-08,England,England,24.0,D,Right Full Back
74590,255989.0,Andi Janjeva,Andi,Janjeva,2002-10-11,Kosovo,Kosovo,,D,Defender
52931,315217.0,Alexandre Jankewitz,Alexandre,Jankewitz,2001-12-25,Switzerland,Switzerland,11.0,M,Midfielder
10480,284325.0,Daryl Janmaat,Daryl,Janmaat,1989-07-22,Netherlands,Netherlands,53.0,D,Right Full Back
15481,315807.0,Vincent Janssen,Vincent,Janssen,1994-06-15,Netherlands,Netherlands,,F,Forward
24807,315666.0,Vítezslav Jaros,Vítezslav,Jaros,2001-07-23,Czech Republic,Czech Republic,,G,Goalkeeper
4766,32086.0,Mile Jedinak,Mile,Jedinak,1984-08-03,Australia,Australia,15.0,M,Centre Central Midfielder
4248,161544.0,Carl Jenkinson,Carl,Jenkinson,1992-02-08,England,England,16.0,D,Right Full Back
24723,257560.0,Teddy Jenks,Teddy,Jenks,2002-03-12,England,England,,M,Centre Central Midfielder
75372,314375.0,Lukas Jensen,Lukas,Jensen,1999-03-18,Denmark,Denmark,,G,Goalkeeper
4506,138616.0,Jiang Guangtai,Guangtai,Jiang,1994-05-27,England,China,,D,Defender
4909,196350.0,Roberto Jiménez,Roberto,Jiménez,1986-02-10,Spain,Spain,13.0,G,Goalkeeper
5051,161549.0,João Cancelo,João Pedro,Cavaco Cancelo,1994-05-27,Portugal,Portugal,27.0,D,Right Full Back
11259,133641.0,João Moutinho,João Filipe Iria,Santos Moutinho,1986-09-08,Portugal,Portugal,28.0,M,Centre Central Midfielder
72371,172390.0,João Pedro,João Pedro,Junqueira de Jesus,2001-09-26,Brazil,Brazil,10.0,F,Centre Striker
14428,289073.0,João Virgínia,João Manuel,Neves Virgínia,1999-10-10,Portugal,Portugal,31.0,G,Goalkeeper
13556,306913.0,Joel Pereira,Joel Dinis,Castro Pereira,1996-06-28,Switzerland,Portugal,21.0,G,Goalkeeper
20607,160671.0,Joelinton,Joelinton Cássio,Apolinário de Lira,1996-08-14,Brazil,Brazil,7.0,F,Centre Striker
14465,211495.0,Viktor Johansson,Viktor,Johansson,1998-09-14,Sweden,Sweden,1.0,G,Goalkeeper
19880,314448.0,Tyreece John-Jules,Tyreece,John-Jules,2001-02-14,England,England,,F,Centre Striker
14696,285207.0,Darnell Johnson,Darnell,Johnson,1998-09-03,England,England,6.0,D,Centre Central Defender
45519,281013.0,George Johnston,George,Johnston,1998-09-01,England,Scotland,6.0,D,Centre Central Defender
23815,138634.0,Curtis Jones,Curtis,Jones,2001-01-30,England,England,17.0,M,Centre Central Midfielder
20277,154336.0,Jonny,Jonathan,Castro Otto,1994-03-03,Spain,Spain,19.0,D,Left Full Back
13192,296536.0,Corey Jordan,Corey,Jordan,1999-03-04,England,England,,D,Defender
5682,132771.0,Jorginho,Jorge Luiz,Frello Filho,1991-12-20,Brazil,Italy,5.0,M,Centre Central Midfielder
6425,315758.0,Joselu,Jose Luis,Mato Sanmartín,1990-03-27,Germany,Spain,,F,Centre Striker
10604,258698.0,Jota,José Ignacio,Peleteiro Ramallo,1991-06-16,Spain,Spain,24.0,M,Left/Centre/Right Attacking Midfielder
13515,300156.0,James Justin,James,Justin,1998-02-23,England,England,,D,Defender
19605,30562.0,Christian Kabasele,Christian,Kabasele,1991-02-24,DR Congo,Belgium,27.0,D,Centre Central Defender
3508,32102.0,Younes Kaboul,Younes,Kaboul,1986-01-04,France,France,4.0,D,Centre Central Defender
10191,281253.0,Sullay Kaikai,Sullay,Kaikai,1995-08-26,England,Sierra Leone,16.0,F,Left/Right Winger
4101,160059.0,Tomas Kalas,Tomas,Kalas,1993-05-15,Czech Republic,Czech Republic,22.0,D,Centre Central Defender
21611,299695.0,Lovre Kalinic,Lovre,Kalinic,1990-04-03,Croatia,Croatia,91.0,G,Goalkeeper
14750,288670.0,Herbie Kane,Herbie,Kane,1998-11-23,England,England,26.0,M,Centre Central Midfielder
13492,30960.0,N'Golo Kanté,N'Golo,Kanté,1991-03-29,France,France,7.0,M,Centre Central Midfielder
19679,289303.0,Bartosz Kapustka,Bartosz,Kapustka,1996-12-23,Poland,Poland,67.0,M,Left/Right Winger
19600,259077.0,Loris Karius,Loris,Karius,1993-06-22,Germany,Germany,20.0,G,Goalkeeper
5156,162028.0,Beram Kayal,Beram,Kayal,1988-05-02,Israel,Israel,21.0,M,Centre Defensive Midfielder
20958,289021.0,Moise Kean,Moise,Kean,2000-02-28,Italy,Italy,18.0,F,Striker
4333,48260.0,Michael Keane,Michael,Keane,1993-01-11,England,England,5.0,D,Centre Central Defender
75317,183160.0,Peter Keen,Peter,Keen,1976-11-16,England,England,,G,Goalkeeper
12316,129760.0,Naby Keïta,Naby,Keïta,1995-02-10,Guinea,Guinea,8.0,M,Centre Central Midfielder
14723,256028.0,Caoimhin Kelleher,Caoimhin,Kelleher,1998-11-23,Ireland,Ireland,62.0,G,Goalkeeper
21585,159635.0,Lloyd Kelly,Lloyd,Kelly,1998-10-06,England,England,5.0,D,Left Full Back
15194,302874.0,Daniel Kemp,Daniel,Kemp,1999-01-11,England,England,17.0,M,Right Winger
13285,222609.0,Kenedy,Robert Kenedy,Nunes do Nascimento,1996-02-08,Brazil,Brazil,24.0,F,Left/Right Winger
10449,268846.0,Jonjoe Kenny,Jonjoe,Kenny,1997-03-15,England,England,16.0,D,Right Full Back
13509,163785.0,Ryan Kent,Ryan,Kent,1996-11-11,England,England,14.0,F,Left Winger
4656,180889.0,Ki Sung-Yeung,Sung-Yeung,Ki,1989-01-24,South Korea,South Korea,10.0,M,Centre Central Midfielder
50468,315236.0,Gavin Kilkenny,Gavin,Kilkenny,2000-02-01,Ireland,Ireland,,M,Centre Central Midfielder
13522,144289.0,Maximilian Kilman,Maximilian,Kilman,1997-05-23,England,England,23.0,D,Left/Centre Central Defender
3926,317864.0,Joshua King,Joshua,King,1992-01-15,Norway,Norway,,F,Left/Centre/Right Striker
15134,294795.0,Nya Kirby,Nya,Kirby,2000-01-31,England,England,,M,Midfielder
23872,160650.0,Christoph Klarer,Christoph,Klarer,2000-06-14,Austria,Austria,,M,Midfielder
15608,135939.0,Ragnar Klavan,Ragnar,Klavan,1985-10-30,Estonia,Estonia,15.0,D,Left/Centre Central Defender
12891,302330.0,Timm Klose,Timm,Klose,1988-05-09,Germany,Switzerland,25.0,D,Centre Central Defender
14693,278030.0,Josh Knight,Josh,Knight,1997-09-07,England,England,5.0,D,Centre Central Defender
8982,267417.0,Anthony Knockaert,Anthony,Knockaert,1991-11-20,France,France,28.0,M,Left/Centre/Right Attacking Midfielder
13240,309162.0,Jonathan Kodjia,Jonathan,Kodjia,1989-10-22,France,Cote D’Ivoire,,F,Forward
5368,301077.0,Sead Kolasinac,Sead,Kolasinac,1993-06-20,Germany,Bosnia & Herzegovina,23.0,D,Left Full Back
3653,262223.0,Vincent Kompany,Vincent,Kompany,1986-04-10,Belgium,Belgium,4.0,D,Defender
13274,160422.0,Ezri Konsa,Ezri,Konsa,1997-10-23,England,England,4.0,D,Centre Central Defender
4030,170758.0,Laurent Koscielny,Laurent,Koscielny,1985-09-10,France,France,6.0,D,Centre Central Defender
66564,162226.0,Billy Koumetio,Billy,Koumetio,2002-11-14,France,France,89.0,D,Centre Central Defender
5861,134321.0,Cheikhou Kouyaté,Cheikhou,Kouyaté,1989-12-21,Senegal,Senegal,8.0,M,Centre Central Midfielder
12520,160054.0,Mateo Kovacic,Mateo,Kovacic,1994-05-06,Austria,Croatia,8.0,M,Centre Central Midfielder
35733,302990.0,Matej Kovár,Matej,Kovár,2000-05-17,Czech Republic,Czech Republic,1.0,G,Goalkeeper
66494,161985.0,Emil Krafth,Emil,Krafth,1994-08-02,Sweden,Sweden,17.0,D,Right Full Back
3169,133649.0,Tim Krul,Tim,Krul,1988-04-03,Netherlands,Netherlands,1.0,G,Goalkeeper
6899,112119.0,Alexandre Lacazette,Alexandre,Lacazette,1991-05-28,France,France,10.0,F,Centre Striker
8232,144552.0,Daniel Lafferty,Daniel,Lafferty,1989-05-18,Northern Ireland,Northern Ireland,18.0,D,Left Full Back
23832,317525.0,Ethan Laird,Ethan,Laird,2001-08-05,England,England,3.0,D,Right Full Back
27090,299661.0,Teden Mengi,Teden,Mengi,2002-04-30,England,England,18.0,D,Centre Central Defender
14063,153012.0,Chris Mepham,Chris,Mepham,1997-11-05,England,Wales,6.0,D,Centre Central Defender
5377,303230.0,Max Meyer,Max,Meyer,1995-09-18,Germany,Germany,8.0,M,Midfielder
13280,288157.0,Matt Miazga,Matt,Miazga,1995-07-19,United States,United States,4.0,D,Centre Central Defender
4179,162448.0,Simon Mignolet,Simon,Mignolet,1988-03-06,Belgium,Belgium,22.0,G,Goalkeeper
5859,7748.0,Luka Milivojevic,Luka,Milivojevic,1991-04-07,Yugoslavia,Serbia,4.0,M,Centre Central Midfielder
23822,305237.0,Liam Millar,Liam,Millar,1999-09-27,Canada,Canada,17.0,F,Forward
2100,19506.0,James Milner,James,Milner,1986-01-04,England,England,7.0,M,Left/Centre/Right Central Midfielder
32923,135243.0,Yerry Mina,Yerry,Mina,1994-09-23,Colombia,Colombia,13.0,D,Centre Central Defender
12322,315450.0,Takumi Minamino,Takumi,Minamino,1995-01-16,Japan,Japan,,M,Central Midfielder
8900,160323.0,Tyrone Mings,Tyrone,Mings,1993-03-13,England,England,5.0,D,Centre Central Defender
4507,134603.0,Kevin Mirallas,Kevin,Mirallas,1987-10-05,Belgium,Belgium,11.0,F,Left/Right Winger
24334,169744.0,Tyrick Mitchell,Tyrick,Mitchell,1999-09-01,England,England,39.0,D,Left Full Back
5102,314973.0,Henrikh Mkhitaryan,Henrikh,Mkhitaryan,1989-01-21,Armenia,Armenia,22.0,M,Left/Centre/Right Attacking Midfielder
21774,299718.0,Jan Mlakar,Jan,Mlakar,1998-10-23,Slovenia,Slovenia,29.0,F,Forward
5239,188867.0,Mohamed Elneny,Mohamed Naser,Elsayed Elneny,1992-07-11,Egypt,Egypt,15.0,M,Centre Defensive Midfielder
5178,47184.0,Mohamed Salah,Mohamed,Salah Ghaly,1992-06-15,Egypt,Egypt,11.0,F,Left/Centre/Right Winger
15293,311449.0,Jayson Molumby,Jayson,Molumby,1999-08-06,Ireland,Ireland,14.0,M,Centre Central Midfielder
4955,194439.0,Martín Montoya,Martín,Montoya,1991-04-14,Spain,Spain,2.0,D,Right Full Back
14698,161194.0,Elliott Moore,Elliott,Moore,1997-03-16,England,England,5.0,D,Centre Central Defender
19619,293222.0,Aaron Mooy,Aaron,Mooy,1990-09-15,Australia,Australia,18.0,M,Centre Central Midfielder
5804,257777.0,Álvaro Morata,Álvaro,Morata,1992-10-23,Spain,Spain,9.0,F,Centre Striker
7219,160330.0,Alberto Moreno,Alberto,Moreno,1992-07-05,Spain,Spain,18.0,D,Left Full Back
8966,11241.0,Wes Morgan,Wes,Morgan,1984-01-21,England,Jamaica,5.0,D,Centre Central Defender
4159,285909.0,Ravel Morrison,Ravel,Morrison,1993-02-02,England,Jamaica,11.0,M,Centre Attacking Midfielder
3983,289436.0,Victor Moses,Victor,Moses,1990-12-12,Nigeria,Nigeria,8.0,M,Midfielder
14580,160424.0,Mason Mount,Mason,Mount,1999-01-10,England,England,19.0,M,Centre Attacking Midfielder
19603,312907.0,Lys Mousset,Lys,Mousset,1996-02-08,France,France,99.0,F,Centre Striker
75991,280995.0,Joel Mumbongo,Joel,Mumbongo,1999-01-09,Sweden,Sweden,14.0,F,Centre Striker
19911,285397.0,Arijanet Muric,Arijanet,Muric,1998-11-07,Switzerland,Kosovo,49.0,G,Goalkeeper
9662,293808.0,Jacob Murphy,Jacob,Murphy,1995-02-24,England,England,14.0,M,Left/Right Winger
4772,268503.0,Glenn Murray,Glenn,Murray,1983-09-25,England,England,25.0,F,Centre Striker
14715,280977.0,Admiral Muskwe,Admiral,Muskwe,1998-08-21,England,Zimbabwe,26.0,F,Centre Striker
3869,289743.0,Shkodran Mustafi,Shkodran,Mustafi,1992-04-17,Germany,Germany,13.0,D,Centre Central Defender
3333,43189.0,Jordon Mutch,Jordon,Mutch,1991-12-02,England,England,54.0,M,Centre Attacking Midfielder
20196,252271.0,Yoshinori Muto,Yoshinori,Muto,1992-07-15,Japan,Japan,12.0,F,Centre Striker
15019,299990.0,Daniel N'Lundulu,Daniel,N'Lundulu,1999-02-05,England,England,9.0,F,Centre Striker
4472,163201.0,Nacho Monreal,Ignacio,Monreal Eraso,1986-02-26,Spain,Spain,20.0,D,Left Full Back
45351,307380.0,Marvelous Nakamba,Marvelous,Nakamba,1994-01-19,Zimbabwe,Zimbabwe,,M,Midfielder
3546,144300.0,Samir Nasri,Samir,Nasri,1987-06-26,France,France,18.0,M,Left/Centre/Right Attacking Midfielder
22651,160685.0,Marc Navarro,Marc,Navarro,1995-07-02,Spain,Spain,2.0,D,Right Full Back
20479,42220.0,Wilfred Ndidi,Wilfred,Ndidi,1996-12-16,Nigeria,Nigeria,25.0,M,Centre Central Midfielder
25329,53116.0,Tanguy Ndombele,Tanguy,Ndombele,1996-12-28,France,France,28.0,M,Centre Central Midfielder
14712,167063.0,Layton Ndukwu,Layton,Ndukwu,1998-09-07,England,England,17.0,F,Left/Right Winger
14450,289557.0,Reiss Nelson,Reiss,Nelson,1999-12-10,England,England,14.0,F,Right Winger
5074,279969.0,Nélson Oliveira,Nélson Miguel,Castro Oliveira,1991-08-08,Portugal,Portugal,18.0,F,Centre Striker
20064,188297.0,Jeremy Ngakia,Jeremy,Ngakia,2000-09-07,England,England,2.0,D,Right Full Back
13390,304580.0,Oumar Niasse,Oumar,Niasse,1990-04-18,Senegal,Senegal,21.0,F,Centre Striker
14451,161996.0,Eddie Nketiah,Eddie,Nketiah,1999-05-30,England,England,14.0,F,Centre Striker
15938,163251.0,Georges-Kévin Nkoudou,Georges-Kévin,Nkoudou,1995-02-13,France,France,7.0,M,Left/Right Winger
14807,281834.0,Lukas Nmecha,Lukas,Nmecha,1998-12-14,Germany,Germany,10.0,F,Forward
3014,4029.0,Mark Noble,Mark,Noble,1987-05-08,England,England,16.0,M,Centre Central Midfielder
23875,160648.0,Kornelius Normann Hansen,Kornelius,Normann Hansen,2001-05-06,Norway,Norway,,M,Midfielder
32673,267500.0,Rhys Norrington-Davies,Rhys,Norrington-Davies,1999-04-22,Wales,Wales,46.0,D,Left Full Back
51569,293544.0,James Norris,James,Norris,2003-04-04,England,England,77.0,D,Left Full Back
3924,144579.0,Oliver Norwood,Oliver,Norwood,1991-04-12,Northern Ireland,Northern Ireland,16.0,M,Centre Central Midfielder
51416,306166.0,Ørjan Nyland,Ørjan,Nyland,1990-09-10,Norway,Norway,1.0,G,Goalkeeper
9491,30925.0,Jack O'Connell,Jack,O'Connell,1994-03-29,England,England,5.0,D,Centre Central Defender
15009,302861.0,Thomas O'Connor,Thomas,O'Connor,1999-04-21,Ireland,Ireland,,M,Centre Central Midfielder
14774,195109.0,Aaron O'Driscoll,Aaron,O'Driscoll,1999-04-04,Ireland,Ireland,15.0,D,Centre Central Defender
13584,303308.0,Kieran O'Hara,Kieran,O'Hara,1996-04-22,Ireland,Ireland,13.0,G,Goalkeeper
14490,185923.0,Callum O'Hare,Callum,O'Hare,1998-05-01,England,England,10.0,M,Left/Right Attacking Midfielder
49367,267681.0,Warren O'Hora,Warren,O'Hora,1999-04-19,Ireland,Ireland,5.0,D,Centre Central Defender
20095,139073.0,Aiden O'Neill,Aiden,O'Neill,1998-07-04,Australia,Australia,13.0,M,Centre Defensive Midfielder
21532,297681.0,Michael Obafemi,Michael,Obafemi,2000-07-06,Ireland,Ireland,9.0,F,Forward
13871,20343.0,Pedro Obiang,Pedro,Obiang,1992-03-27,Spain,Equatorial Guinea,14.0,M,Left/Centre Central Midfielder
50463,277920.0,Nnamdi Ofoborh,Nnamdi,Ofoborh,1999-11-07,Nigeria,Nigeria,24.0,M,Centre Central Midfielder
5514,20341.0,Angelo Ogbonna,Angelo,Ogbonna,1988-05-23,Italy,Italy,21.0,D,Left/Centre Central Defender
10543,288987.0,Sheyi Ojo,Sheyi,Ojo,1997-06-19,England,England,14.0,M,Left/Right Winger
3889,292408.0,Stefano Okaka,Stefano,Okaka,1989-08-09,Italy,Italy,77.0,F,Centre Striker
13494,296192.0,Shinji Okazaki,Shinji,Okazaki,1986-04-16,Japan,Japan,16.0,F,Centre Striker
19873,261445.0,James Olayinka,James,Olayinka,2000-10-05,England,England,7.0,M,Centre Central Midfielder
23873,290976.0,Oludare Olufunwa,Oludare,Olufunwa,2001-07-29,England,England,42.0,D,Defender
7490,162537.0,Josh Onomah,Josh,Onomah,1997-04-27,England,England,25.0,M,Left/Centre/Right Attacking Midfielder
23615,289381.0,Henry Onyekuru,Henry,Onyekuru,1997-06-05,Nigeria,Nigeria,7.0,F,Left Winger
10465,315585.0,Divock Origi,Divock,Origi,1995-04-18,Belgium,Belgium,,F,Centre Striker
9266,160698.0,Ben Osborn,Ben,Osborn,1994-08-05,England,England,23.0,M,Centre Central Midfielder
10420,160246.0,David Ospina,David,Ospina,1988-08-31,Colombia,Colombia,25.0,G,Goalkeeper
6058,258178.0,Nicolás Otamendi,Nicolás,Otamendi,1988-02-12,Argentina,Argentina,30.0,D,Central Defender
23994,289012.0,Owen Otasowie,Owen,Otasowie,2001-01-06,United States,United States,8.0,M,Midfielder
14909,293694.0,Aston Oxborough,Aston,Oxborough,1998-05-09,England,England,38.0,G,Goalkeeper
10535,170889.0,Reece Oxford,Reece,Oxford,1998-12-16,England,England,4.0,D,Centre Central Defender
4252,53035.0,Alex Oxlade-Chamberlain,Alex,Oxlade-Chamberlain,1993-08-15,England,England,15.0,M,Left/Centre/Right Central Midfielder
4714,279747.0,Mesut Özil,Mesut,Özil,1988-10-15,Germany,Germany,10.0,M,Centre/Right Attacking Midfielder
13283,313729.0,Kasey Palmer,Kasey,Palmer,1996-11-09,Jamaica,Jamaica,,M,Left/Centre/Right Attacking Midfielder
16467,289659.0,Erik Palmer-Brown,Erik,Palmer-Brown,1997-04-24,United States,United States,2.0,D,Centre Central Defender
5093,269177.0,Sokratis Papastathopoulos,Sokratis,Papastathopoulos,1988-06-09,Greece,Greece,15.0,D,Defender
14984,275508.0,Adam Parkes,Adam,Parkes,1999-11-30,England,England,,G,Goalkeeper
51753,261295.0,David Parkhouse,David,Parkhouse,1999-10-24,Northern Ireland,Northern Ireland,,F,Forward
43856,284324.0,Troy Parrott,Troy,Parrott,2002-02-04,Ireland,Ireland,20.0,F,Centre Striker
10440,257720.0,Mario Pasalic,Mario,Pasalic,1995-02-09,Germany,Croatia,88.0,M,Centre Central Midfielder
15560,157073.0,Felix Passlack,Felix,Passlack,1998-05-29,Germany,Germany,,D,Left/Right Full Back
14924,271209.0,Alfie Payne,Alfie,Payne,1999-10-07,England,England,28.0,M,Midfielder
13485,283479.0,Bailey Peacock-Farrell,Bailey,Peacock-Farrell,1996-10-29,Northern Ireland,Northern Ireland,1.0,G,Goalkeeper
4972,289288.0,Pedro,Pedro,Rodríguez Ledesma,1987-07-28,Spain,Spain,9.0,F,Left/Right Winger
21998,160895.0,Pedro Neto,Pedro,Lomba Neto,2000-03-09,Portugal,Portugal,7.0,F,Right Winger
13825,296253.0,Adalberto Peñaranda,Adalberto,Peñaranda,1997-05-31,Venezuela,Venezuela,7.0,F,Centre Striker
51539,180379.0,Terell Pennant,Terell,Pennant,2002-09-14,England,England,,M,Right Winger
9895,281206.0,Matthew Pennington,Matthew,Pennington,1994-10-06,England,England,5.0,D,Centre Central Defender
50252,160783.0,Nicolas Pépé,Nicolas,Pépé,1995-05-29,France,Cote D’Ivoire,19.0,F,Right Winger
19970,133868.0,Max Aarons,Max,Aarons,2000-01-04,England,England,2.0,D,Right Full Back
13279,288577.0,Abdul Rahman Baba,Abdul Rahman,Baba,1994-07-02,Ghana,Ghana,21.0,D,Left Full Back
13286,289629.0,Tammy Abraham,Tammy,Abraham,1997-10-02,England,England,9.0,F,Centre Striker
10905,161456.0,Che Adams,Che,Adams,1996-07-13,England,Scotland,10.0,F,Centre Striker
13549,258884.0,Tosin Adarabioyo,Tosin,Adarabioyo,1997-09-24,England,England,16.0,D,Centre Central Defender
14674,281203.0,Dennis Adeniran,Dennis,Adeniran,1999-01-02,England,England,8.0,M,Centre Central Midfielder
9131,258849.0,Albert Adomah,Albert,Adomah,1987-12-13,England,Ghana,37.0,M,Left/Right Winger
4852,161346.0,Adrián,Adrián,San Miguel del Castillo,1987-01-03,Spain,Spain,13.0,G,Goalkeeper
11357,154374.0,Adrien Silva,Adrien Sebastian,Perruchet Silva,1989-03-15,France,Portugal,15.0,M,Centre Central Midfielder
24778,313740.0,Daniel Adshead,Daniel,Adshead,2001-09-02,England,England,16.0,M,Centre Central Midfielder
4040,313922.0,Benik Afobe,Benik,Afobe,1993-02-12,England,DR Congo,23.0,F,Centre Striker
4328,277441.0,Sergio Agüero,Sergio,Agüero,1988-06-02,Argentina,Argentina,19.0,F,Centre Striker
10559,302453.0,Daniel Agyei,Daniel,Agyei,1997-06-01,England,England,15.0,F,Centre Striker
24695,185230.0,Soufyan Ahannach,Soufyan,Ahannach,1995-09-09,Netherlands,Netherlands,30.0,M,Left Winger
4183,50119.0,Ahmed El Mohamady,Ahmed Eissa,El Mohamady Abdel Fattah,1987-09-09,Egypt,Egypt,27.0,D,Right Full Back
10439,234915.0,Ola Aina,Ola,Aina,1996-10-08,England,Nigeria,34.0,D,Right Full Back
5248,188219.0,Albian Ajeti,Albian,Ajeti,1997-02-26,Switzerland,Switzerland,10.0,F,Centre Striker
4499,187388.0,Nathan Aké,Nathan,Aké,1995-02-18,Netherlands,Netherlands,6.0,D,Left/Centre Central Defender
3564,13981.0,Marc Albrighton,Marc,Albrighton,1989-11-18,England,England,11.0,M,Left/Right Winger
4916,20234.0,Toby Alderweireld,Toby,Alderweireld,1989-03-02,Belgium,Belgium,4.0,D,Centre/Right Central Defender
14732,22183.0,Trent Alexander-Arnold,Trent,Alexander-Arnold,1998-10-07,England,England,66.0,D,Right Full Back
55603,282891.0,Ali Koiki,Abd-Al-Ali Morakinyo Olaposi,Koiki,1999-08-22,England,England,14.0,D,Left Full Back
20559,133131.0,Alisson,Alisson Ramses,Becker,1992-10-02,Brazil,Brazil,1.0,G,Goalkeeper
13984,133679.0,Allan,Allan,Rodrigues de Souza,1997-03-03,Brazil,Brazil,28.0,M,Centre Central Midfielder
9167,303001.0,Dele Alli,Dele,Alli,1996-04-11,England,England,36.0,M,Centre Attacking Midfielder
54312,154335.0,Miguel Almirón,Miguel,Almirón,1994-02-10,Paraguay,Paraguay,24.0,M,Left/Centre/Right Second Striker
4093,35018.0,Marcos Alonso,Marcos,Alonso,1990-12-28,Spain,Spain,3.0,D,Left Full Back
20723,35149.0,Steven Alzate,Steven,Alzate,1998-09-08,England,Colombia,46.0,F,Centre Striker
49990,313097.0,Ibrahim Amadou,Ibrahim,Amadou,1993-04-06,Cameroon,France,32.0,M,Centre Defensive Midfielder
12306,91605.0,Daniel Amartey,Daniel,Amartey,1994-12-21,Ghana,Ghana,18.0,D,Right Full Back
15128,188697.0,Luke Amos,Luke,Amos,1997-02-23,England,England,8.0,M,Centre Central Midfielder
19731,222338.0,Ethan Ampadu,Ethan,Ampadu,2000-09-14,England,Wales,22.0,D,Centre Central Defender
48689,281209.0,Joseph Anang,Joseph,Anang,2000-06-08,England,England,1.0,G,Goalkeeper
37587,288374.0,Florin Andone,Florin,Andone,1993-04-11,Romania,Romania,17.0,F,Centre Striker
5061,159715.0,André Gomes,André Filipe,Tavares Gomes,1993-07-30,Portugal,Portugal,21.0,M,Centre Central Midfielder
10476,316561.0,Andreas Pereira,Andreas Hugo,Hoelgebaum Pereira,1996-01-01,Belgium,Brazil,,M,Attacking Midfielder
10467,280661.0,Angeliño,Jose Angel,Esmoris Tasende,1997-01-04,Spain,Spain,3.0,D,Left Full Back
24708,302760.0,Faustino Anjorin,Faustino,Anjorin,2001-11-23,England,England,7.0,M,Centre Central Midfielder
9595,20347.0,Michail Antonio,Michail,Antonio,1990-03-28,England,Jamaica,9.0,F,Left/Centre/Right Striker
51667,267369.0,Billy Arce,Billy,Arce,1998-07-12,Ecuador,Ecuador,11.0,M,Winger
25281,301707.0,Cameron Archer,Cameron,Archer,2001-12-09,England,England,21.0,F,Centre Striker
12186,130310.0,Stuart Armstrong,Stuart,Armstrong,1992-03-30,Scotland,Scotland,17.0,M,Left Winger
4823,284849.0,Marko Arnautovic,Marko,Arnautovic,1989-04-19,Austria,Austria,9.0,F,Centre Striker
11373,135192.0,Kepa Arrizabalaga,Kepa,Arrizabalaga,1994-10-03,Spain,Spain,1.0,G,Goalkeeper
8050,306574.0,Harry Arter,Harry,Arter,1989-12-28,Ireland,Ireland,,M,Centre Central Midfielder
14803,262456.0,Daniel Arzani,Daniel,Arzani,1999-01-04,Iran,Australia,,F,Left Winger
14945,222542.0,Benny Ashley-Seal,Benny,Ashley-Seal,1998-11-21,England,England,22.0,F,Centre Striker
14720,22170.0,Daniel Atherton,Daniel,Atherton,1999-12-18,England,England,,G,Goalkeeper
4859,270861.0,Christian Atsu,Christian,Atsu,1992-01-10,Ghana,Ghana,,M,Midfielder
5110,303253.0,Pierre-Emerick Aubameyang,Pierre-Emerick,Aubameyang,1989-06-18,France,Gabon,25.0,F,Centre Striker
11293,292169.0,Serge Aurier,Serge,Aurier,1992-12-24,Cote D’Ivoire,Cote D’Ivoire,25.0,D,Right Full Back
9468,277655.0,Charlie Austin,Charlie,Austin,1989-07-05,England,England,11.0,F,Centre Striker
15340,313792.0,Taiwo Awoniyi,Taiwo,Awoniyi,1997-08-12,Nigeria,Nigeria,,F,Forward
5595,160688.0,Jordan Ayew,Jordan,Ayew,1991-09-11,France,Ghana,9.0,F,Centre Striker
4496,6280.0,César Azpilicueta,César,Azpilicueta,1989-08-28,Spain,Spain,28.0,D,Left/Right Full Back
9762,160012.0,Daniel Bachmann,Daniel,Bachmann,1994-07-09,Austria,Austria,26.0,G,Goalkeeper
14902,294069.0,Owen Bailey,Owen,Bailey,1999-01-22,England,England,,D,Defender
12937,307671.0,Eric Bailly,Eric,Bailly,1994-04-12,Cote D’Ivoire,Cote D’Ivoire,,D,Centre Central Defender
3030,4600.0,Leighton Baines,Leighton,Baines,1984-12-11,England,England,3.0,D,Left Full Back
11260,263844.0,Tiemoué Bakayoko,Tiemoué,Bakayoko,1994-08-17,France,France,41.0,M,Centre Defensive Midfielder
4749,300836.0,Lewis Baker,Lewis,Baker,1995-04-25,England,England,42.0,M,Centre Central Midfielder
32435,277691.0,Fabián Balbuena,Fabián,Balbuena,1991-08-23,Paraguay,Paraguay,,D,Centre Central Defender
9169,46936.0,George Baldock,George,Baldock,1993-03-09,England,Greece,2.0,D,Right Full Back
19871,300530.0,Folarin Balogun,Folarin,Balogun,2001-07-03,United States,England,47.0,F,Centre Striker
63655,259482.0,Tudor Baluta,Tudor,Baluta,1999-03-27,Romania,Romania,6.0,D,Centre Central Defender
14623,287010.0,Beni Baningime,Beni,Baningime,1998-09-09,DR Congo,DR Congo,34.0,M,Centre Defensive Midfielder
74776,288945.0,Scott Banks,Scott,Banks,2001-09-26,Scotland,Scotland,,M,Midfielder
15288,315660.0,Ben Barclay,Ben,Barclay,1996-10-07,England,England,26.0,D,Centre Central Defender
2517,51275.0,Phil Bardsley,Phil,Bardsley,1985-06-28,Scotland,Scotland,26.0,D,Right Full Back
4115,286028.0,Ross Barkley,Ross,Barkley,1993-12-05,England,England,20.0,M,Centre Attacking Midfielder
13590,258110.0,Daniel Barlaser,Daniel,Barlaser,1997-01-18,England,England,4.0,M,Centre Central Midfielder
8246,10314.0,Ashley Barnes,Ashley,Barnes,1989-10-30,England,England,10.0,F,Centre Striker
49956,154334.0,Antonio Barreca,Antonio,Barreca,1995-03-18,Italy,Italy,23.0,D,Left Full Back
15185,172666.0,Mason Barrett,Mason,Barrett,1999-09-24,England,England,41.0,D,Central Defender
3581,15123.0,Chris Basham,Chris,Basham,1988-07-20,England,England,6.0,D,Centre Central Defender
23793,186517.0,Calvin Bassey,Calvin,Bassey,1999-12-31,Italy,Nigeria,3.0,D,Left Full Back
49501,317756.0,Lewis Bate,Lewis,Bate,2002-10-28,England,England,26.0,M,Centre Central Midfielder
7450,289009.0,Michy Batshuayi,Michy,Batshuayi,1993-10-02,Belgium,Belgium,9.0,F,Centre Striker
3988,301091.0,Danny Batth,Danny,Batth,1990-09-21,England,England,5.0,D,Centre Central Defender
14568,317877.0,Nathan Baxter,Nathan,Baxter,1998-11-08,England,England,,G,Goalkeeper
63840,312832.0,Gavin Bazunu,Gavin,Bazunu,2002-02-20,Ireland,Ireland,,G,Goalkeeper
33166,257420.0,Jack Bearne,Jack,Bearne,2001-09-15,England,England,81.0,M,Winger
19589,30517.0,Jan Bednarek,Jan,Bednarek,1996-04-12,Poland,Poland,35.0,D,Centre Central Defender
2537,282076.0,Asmir Begovic,Asmir,Begovic,1987-06-20,Bosnia & Herzegovina,Bosnia & Herzegovina,15.0,G,Goalkeeper
4474,288982.0,Héctor Bellerín,Héctor,Bellerín,1995-03-19,Spain,Spain,19.0,D,Right Full Back
13490,277218.0,Yohan Benalouane,Yohan,Benalouane,1987-03-28,France,Tunisia,29.0,D,Defender
16671,315785.0,Filip Benkovic,Filip,Benkovic,1997-07-13,Croatia,Croatia,28.0,D,Centre Central Defender
4351,259528.0,Ryan Bennett,Ryan,Bennett,1990-03-06,England,England,2.0,D,Centre Central Defender
51464,135355.0,Jayden Bennetts,Jayden,Bennetts,2001-06-26,England,England,58.0,M,Midfielder
14441,284323.0,Josh Benson,Josh,Benson,1999-12-05,England,England,10.0,M,Centre Central Midfielder
4847,187425.0,Nabil Bentaleb,Nabil,Bentaleb,1994-11-24,France,Algeria,42.0,M,Central Midfielder
4492,32114.0,Christian Benteke,Christian,Benteke,1990-12-03,DR Congo,Belgium,20.0,F,Centre Striker
21614,180063.0,Sander Berge,Sander,Berge,1998-02-14,Norway,Norway,8.0,M,Centre Central Midfielder
12703,315923.0,Steven Bergwijn,Steven,Bergwijn,1997-10-08,Netherlands,Netherlands,,F,Left/Right Winger
50975,284969.0,Adrián Bernabé,Adrián,Bernabé,2001-05-26,Spain,Spain,16.0,M,Midfielder
5907,135245.0,Bernard,Bernard,Anício Caldeira Duarte,1992-09-08,Brazil,Brazil,20.0,F,Left Winger
23591,267842.0,Bernardo,Bernardo,Fernandes da Silva Junior,1995-05-14,Brazil,Brazil,95.0,D,Left Full Back
21422,175535.0,Bernardo Rosa,Bernardo,Costa Da Rosa,2000-09-20,Brazil,Brazil,44.0,M,Midfielder
5067,44030.0,Bernardo Silva,Bernardo Mota,Veiga de Carvalho e Silva,1994-08-10,Portugal,Portugal,20.0,M,Left/Centre Attacking Midfielder
2886,281358.0,Ryan Bertrand,Ryan,Bertrand,1989-08-05,England,England,5.0,D,Left Full Back
23989,161474.0,Luke Cundle,Luke,Cundle,2002-04-26,England,England,68.0,M,Centre Central Midfielder
22870,268432.0,Patrick Cutrone,Patrick,Cutrone,1998-01-03,Italy,Italy,11.0,F,Centre Striker
49763,175538.0,Renat Dadashov,Renat,Dadashov,1999-05-17,Germany,Azerbaijan,,F,Forward
33158,300618.0,Pontus Dahlberg,Pontus,Dahlberg,1999-01-21,Sweden,Sweden,1.0,G,Goalkeeper
20722,293043.0,Sam Dalby,Sam,Dalby,1999-12-07,England,England,10.0,F,Centre Striker
19868,314365.0,Vontae Daley-Campbell,Vontae,Daley-Campbell,2001-04-02,England,England,,D,Right Full Back
24679,281212.0,James Daly,James,Daly,2000-01-12,England,England,17.0,F,Centre Striker
11362,180050.0,Daniel Podence,Daniel,Castelo Podence,1995-10-21,Portugal,Portugal,10.0,M,Left/Right Winger
3242,287752.0,Charlie Daniels,Charlie,Daniels,1986-09-07,England,England,23.0,D,Left Full Back
5328,162295.0,Danilo,Danilo Luiz,da Silva,1991-07-15,Brazil,Brazil,6.0,D,Right Full Back
16524,288004.0,Arnaut Danjuma,Arnaut,Danjuma,1997-01-31,Nigeria,Netherlands,15.0,F,Left/Right Winger
3807,288590.0,Scott Dann,Scott,Dann,1987-02-14,England,England,24.0,D,Centre Central Defender
25892,315398.0,Kevin Danso,Kevin,Danso,1998-09-19,Austria,Austria,4.0,D,Centre Central Defender
9251,14910.0,Karl Darlow,Karl,Darlow,1990-10-08,England,England,1.0,G,Goalkeeper
12854,279895.0,Matteo Darmian,Matteo,Darmian,1989-12-02,Italy,Italy,36.0,D,Left/Right Full Back
4100,162019.0,David Luiz,David Luiz,Moreira Marinho,1987-04-22,Brazil,Brazil,23.0,D,Centre Central Defender
14555,186995.0,Archie Davies,Archie,Davies,1998-10-07,England,England,2.0,D,Right Full Back
13130,299566.0,Keinan Davis,Keinan,Davis,1998-02-13,England,England,9.0,F,Centre Striker
4198,277557.0,Craig Dawson,Craig,Dawson,1990-05-06,England,England,15.0,D,Centre Central Defender
21506,277153.0,Jonathan De Bie,Jonathan,De Bie,2000-05-28,Belgium,Belgium,42.0,G,Goalkeeper
4288,19595.0,Kevin De Bruyne,Kevin,De Bruyne,1991-06-28,Belgium,Belgium,17.0,M,Left/Centre/Right Attacking Midfielder
4330,6011.0,David de Gea,David,de Gea,1990-11-07,Spain,Spain,1.0,G,Goalkeeper
9947,288638.0,Troy Deeney,Troy,Deeney,1988-06-29,England,England,36.0,F,Centre Striker
1526,303240.0,Jermain Defoe,Jermain,Defoe,1982-10-07,England,England,10.0,F,Centre Striker
5345,261981.0,Steven Defour,Steven,Defour,1988-04-15,Belgium,Belgium,88.0,M,Centre Central Midfielder
3799,160457.0,Fabian Delph,Fabian,Delph,1989-11-21,England,England,8.0,M,Left/Centre Central Midfielder
4123,160625.0,Mousa Dembélé,Mousa,Dembélé,1987-07-16,Belgium,Belgium,8.0,M,Central Midfielder
11002,136218.0,Jason Denayer,Jason,Denayer,1995-06-28,Belgium,Belgium,5.0,D,Centre Central Defender
5866,160025.0,Leander Dendoncker,Leander,Dendoncker,1995-04-15,Belgium,Belgium,32.0,M,Centre Central Midfielder
53093,160841.0,Will Dennis,Will,Dennis,2000-07-10,England,England,40.0,G,Goalkeeper
4777,281578.0,Gerard Deulofeu,Gerard,Deulofeu,1994-03-13,Spain,Spain,10.0,F,Left Winger
14706,259526.0,Kiernan Dewsbury-Hall,Kiernan,Dewsbury-Hall,1998-09-06,England,England,22.0,M,Left/Centre Central Midfielder
32936,285549.0,Fousseni Diabaté,Fousseni,Diabaté,1995-10-18,France,Mali,18.0,F,Right Winger
3982,309578.0,Mohamed Diamé,Mohamed,Diamé,1987-06-14,France,Senegal,18.0,M,Centre Defensive Midfielder
15199,270977.0,Grady Diangana,Grady,Diangana,1998-04-19,England,England,,M,Left/Centre/Right Attacking Midfielder
14800,281972.0,Brahim Díaz,Brahim,Díaz,1999-08-03,Spain,Spain,10.0,M,Left/Centre Attacking Midfielder
4112,14109.0,Eric Dier,Eric,Dier,1994-01-15,England,England,15.0,D,Centre Central Defender
5758,300571.0,Lucas Digne,Lucas,Digne,1993-07-20,France,France,27.0,D,Left Full Back
24252,258769.0,Diogo Dalot,José Diogo,Dalot Teixeira,1999-03-18,Portugal,Portugal,5.0,D,Right Full Back
19758,255674.0,Diogo Jota,Diogo José,Teixeira da Silva,1996-12-04,Portugal,Portugal,20.0,F,Left/Centre/Right Striker
31885,298122.0,Alpha Richard Dionkou,Alpha Richard,Dionkou,2001-10-10,Senegal,Senegal,,D,Defender
49884,129879.0,Issa Diop,Issa,Diop,1997-01-09,France,France,23.0,D,Centre Central Defender
50996,305536.0,Mikkel Diskerud,Mikkel,Diskerud,1990-10-02,Norway,United States,42.0,M,Midfielder
24231,170111.0,Elijah Dixon-Bonner,Elijah,Dixon-Bonner,2001-01-01,England,England,69.0,M,Central Midfielder
52153,159638.0,Moussa Djenepo,Moussa,Djenepo,1998-06-15,Mali,Mali,19.0,M,Left/Right Winger
26556,293997.0,Mihai-Alexandru Dobre,Mihai-Alexandru,Dobre,1998-08-30,Romania,Romania,25.0,M,Right Winger
4229,202614.0,Matt Doherty,Matt,Doherty,1992-01-16,Ireland,Ireland,2.0,D,Right Full Back
19678,303262.0,Domingos Quina,Domingos,Quina,1999-11-18,Guinea-Bissau,Portugal,28.0,M,Centre Attacking Midfielder
13823,222694.0,Abdoulaye Doucouré,Abdoulaye,Doucouré,1993-01-01,Mali,Mali,16.0,M,Centre Central Midfielder
24626,160683.0,Douglas Luiz,Douglas Luiz,Soares de Paulo,1998-05-09,Brazil,Brazil,6.0,M,Centre Central Midfielder
10455,187005.0,Kieran Dowell,Kieran,Dowell,1997-10-10,England,England,10.0,M,Centre Central Midfielder
24637,315654.0,Tommy Doyle,Tommy,Doyle,2001-10-17,England,England,,M,Centre Central Midfielder
14487,277871.0,Jake Doyle-Hayes,Jake,Doyle-Hayes,1998-12-30,Ireland,Ireland,8.0,M,Centre Central Midfielder
13340,302355.0,Luke Dreher,Luke,Dreher,1998-11-27,England,England,20.0,M,Centre Central Midfielder
3670,291459.0,Danny Drinkwater,Danny,Drinkwater,1990-03-05,England,England,15.0,M,Midfielder
23810,314495.0,Anthony Driscoll-Glennon,Anthony,Driscoll-Glennon,1999-11-26,England,England,,D,Left Full Back
11111,269078.0,Josip Drmic,Josip,Drmic,1992-08-08,Switzerland,Switzerland,18.0,F,Centre Striker
6451,129737.0,Martin Dúbravka,Martin,Dúbravka,1989-01-15,Slovakia,Slovakia,1.0,G,Goalkeeper
6820,277842.0,Ondrej Duda,Ondrej,Duda,1994-12-05,Slovakia,Slovakia,18.0,M,Centre Attacking Midfielder
3601,256337.0,Shane Duffy,Shane,Duffy,1992-01-01,Northern Ireland,Ireland,4.0,D,Centre Central Defender
4340,176689.0,Paul Dummett,Paul,Dummett,1991-09-26,Wales,Wales,,D,Defender
23826,256133.0,Bobby Duncan,Bobby,Duncan,2001-06-26,England,England,,F,Centre Striker
8163,13742.0,Lewis Dunk,Lewis,Dunk,1991-11-21,England,England,30.0,D,Defender
14829,280751.0,Jimmy Dunne,Jimmy,Dunne,1997-10-19,Ireland,Ireland,20.0,D,Centre Central Defender
14255,310898.0,Jake Eastwood,Jake,Eastwood,1996-10-03,England,England,21.0,G,Goalkeeper
12707,47186.0,Ederson,Ederson,Santana de Moraes,1993-08-17,Brazil,Brazil,31.0,G,Goalkeeper
4394,133133.0,John Egan,John,Egan,1992-10-20,Ireland,Ireland,12.0,D,Centre Central Defender
14753,199366.0,Ovie Ejaria,Ovie,Ejaria,1997-11-18,England,England,14.0,M,Centre Central Midfielder
11033,316447.0,Anwar El Ghazi,Anwar,El Ghazi,1995-05-03,Netherlands,Netherlands,34.0,M,Left/Right Winger
8962,162033.0,Callum Elder,Callum,Elder,1995-01-27,Australia,Australia,3.0,D,Left Full Back
20946,259087.0,Elias Sørensen,Elias,Sørensen,1999-09-18,Denmark,Denmark,10.0,F,Centre Striker
2214,268356.0,Robert Elliot,Robert,Elliot,1986-04-30,Ireland,Ireland,35.0,G,Goalkeeper
33185,165275.0,Harvey Elliott,Harvey,Elliott,2003-04-04,England,England,,M,Left/Centre/Right Attacking Midfielder
8046,159922.0,Tommy Elphick,Tommy,Elphick,1987-09-07,England,England,4.0,D,Centre Central Defender
15967,163262.0,Mohamed Elyounoussi,Mohamed,Elyounoussi,1994-08-04,Morocco,Norway,27.0,M,Left/Centre/Right Attacking Midfielder
16803,289337.0,Emerson,Emerson,Palmieri dos Santos,1994-08-03,Brazil,Italy,3.0,D,Left Full Back
12199,277745.0,Björn Engels,Björn,Engels,1994-09-15,Belgium,Belgium,3.0,D,Defender
15258,267682.0,Niall Ennis,Niall,Ennis,1999-05-20,England,England,11.0,F,Centre Striker
13903,280917.0,Bright Enobakhare,Bright,Enobakhare,1998-02-08,Nigeria,Nigeria,11.0,F,Centre Striker
4845,302740.0,Christian Eriksen,Christian,Eriksen,1992-02-14,Denmark,Denmark,21.0,M,Centre Attacking Midfielder
3156,129750.0,Jonny Evans,Jonny,Evans,1988-01-03,Northern Ireland,Northern Ireland,6.0,D,Centre Central Defender
15123,287756.0,Timothy Eyoma,Timothy,Eyoma,2000-01-29,England,England,22.0,D,Centre Central Defender
3309,129917.0,Lukasz Fabianski,Lukasz,Fabianski,1985-04-18,Poland,Poland,1.0,G,Goalkeeper
11247,129759.0,Fabinho,Fábio Henrique,Tavares,1993-10-23,Brazil,Brazil,3.0,M,Centre Defensive Midfielder
2417,153033.0,Cesc Fàbregas,Cesc,Fàbregas,1987-05-04,Spain,Spain,4.0,M,Centre Central Midfielder
31663,277689.0,Malachi Fagan-Walcott,Malachi,Fagan-Walcott,2002-03-11,England,England,64.0,D,Centre Central Defender
5361,184240.0,Ralf Fährmann,Ralf,Fährmann,1988-09-27,Germany,Germany,21.0,G,Goalkeeper
19752,315755.0,Akin Famewo,Akin,Famewo,1998-11-09,England,England,,D,Centre Central Defender
6784,134889.0,Felipe Anderson,Felipe Anderson,Pereira Gomes,1993-04-15,Brazil,Brazil,7.0,M,Left Winger
19922,282135.0,Felix Nmecha,Felix,Nmecha,2000-10-10,Germany,Germany,22.0,M,Attacking Midfielder
3604,6727.0,Marouane Fellaini,Marouane,Fellaini,1987-11-22,Belgium,Belgium,27.0,M,Centre Attacking Midfielder
22546,48228.0,Kiko Femenía,Kiko,Femenía,1991-02-02,Spain,Spain,21.0,D,Right Wing Back
15759,304775.0,Edimilson Fernandes,Edimilson,Fernandes,1996-04-15,Switzerland,Switzerland,11.0,M,Centre Central Midfielder
5672,135251.0,Federico Fernández,Federico,Fernández,1989-02-21,Argentina,Argentina,18.0,D,Centre Central Defender
4804,6723.0,Fernandinho,Fernando,Luiz Rosa,1985-05-04,Brazil,Brazil,25.0,M,Centre Defensive Midfielder
22002,285204.0,Will Ferry,Will,Ferry,2000-12-07,Ireland,Ireland,18.0,M,Left Winger
51544,166693.0,Ethan Fitzhugh,Ethan,Fitzhugh,2002-11-27,England,England,,M,Midfielder
10500,261322.0,Jake Flannigan,Jake,Flannigan,1996-02-02,England,England,16.0,M,Midfielder
66509,162146.0,Flávio Cristóvão,Flávio,Silva Cristóvão,1997-05-23,Portugal,Portugal,66.0,D,Centre Central Defender
8444,30926.0,John Fleck,John,Fleck,1991-08-24,Scotland,Scotland,4.0,M,Centre Central Midfielder
14805,41635.0,Phil Foden,Phil,Foden,2000-05-28,England,England,47.0,M,Centre/Right Attacking Midfielder
25246,159637.0,Pablo Fornals,Pablo,Fornals,1996-02-22,Spain,Spain,8.0,M,Centre Central Midfielder
3170,312587.0,Fraser Forster,Fraser,Forster,1988-03-17,England,England,20.0,G,Goalkeeper
2932,130759.0,Ben Foster,Ben,Foster,1983-04-03,England,England,1.0,G,Goalkeeper
13561,267496.0,Timothy Fosu-Mensah,Timothy,Fosu-Mensah,1998-01-02,Netherlands,Netherlands,24.0,D,Left/Centre/Right Central Defender
25292,288764.0,Dimitri Foulquier,Dimitri,Foulquier,1993-03-23,France,Guadeloupe,20.0,D,Right Full Back
25309,276909.0,Juan Foyth,Juan,Foyth,1998-01-12,Argentina,Argentina,8.0,D,Right Full Back
8044,10045.0,Simon Francis,Simon,Francis,1985-02-16,England,England,2.0,D,Centre/Right Central Defender
24238,131647.0,Marcel Franke,Marcel,Franke,1993-04-05,Germany,Germany,,D,Defender
8052,222336.0,Ryan Fraser,Ryan,Fraser,1994-02-24,Scotland,Scotland,21.0,M,Left/Right Winger
5906,130050.0,Fred,Frederico,Rodrigues de Paula Santos,1993-03-05,Brazil,Brazil,17.0,M,Centre Central Midfielder
3958,314640.0,Ryan Fredericks,Ryan,Fredericks,1992-10-10,England,England,,D,Right Wing Back
9567,281185.0,Kieron Freeman,Kieron,Freeman,1992-03-21,England,Wales,13.0,D,Left Full Back
5371,311979.0,Christian Fuchs,Christian,Fuchs,1986-04-07,Austria,Austria,22.0,D,Left Full Back
12639,313317.0,Manolo Gabbiadini,Manolo,Gabbiadini,1991-11-26,Italy,Italy,23.0,F,Centre Striker
19680,315355.0,Gabriel Jesus,Gabriel Fernando,de Jesus,1997-04-03,Brazil,Brazil,9.0,F,Second Striker
66104,166789.0,Gabriel Martinelli,Gabriel Teodoro,Martinelli Silva,2001-06-18,Brazil,Brazil,,M,Midfielder
24649,287506.0,Ethan Galbraith,Ethan,Galbraith,2001-05-11,Northern Ireland,Northern Ireland,22.0,M,Centre Central Midfielder
33072,170108.0,Tony Gallacher,Tony,Gallacher,1999-07-23,Scotland,Scotland,54.0,D,Left/Right Full Back
21887,284429.0,Conor Gallagher,Conor,Gallagher,2000-02-06,England,England,23.0,M,Centre Central Midfielder
3868,256002.0,Luke Garbutt,Luke,Garbutt,1993-05-21,England,England,29.0,D,Left Full Back
24635,277438.0,Eric García,Eric,García,2001-01-09,Spain,Spain,24.0,D,Centre Central Defender
23841,268420.0,James Garner,James,Garner,2001-03-13,England,England,37.0,M,Centre Central Midfielder
4771,135117.0,Dwight Gayle,Dwight,Gayle,1989-10-17,England,England,16.0,F,Centre Striker
4600,283240.0,Paulo Gazzaniga,Paulo,Gazzaniga,1992-01-02,Argentina,Argentina,21.0,G,Goalkeeper
20187,160893.0,Jean-Philippe Gbamin,Jean-Philippe,Gbamin,1995-09-25,Cote D’Ivoire,Cote D’Ivoire,25.0,M,Centre Central Midfielder
50857,314733.0,Gedson Fernandes,Gedson,Carvalho Fernandes,1999-01-09,Sao Tome & Principe,Portugal,83.0,M,Centre Central Midfielder
74739,288400.0,Brooklyn Genesini,Brooklyn,Genesini,2001-12-12,England,England,,D,Right Full Back
15146,314449.0,Anthony Georgiou,Anthony,Georgiou,1997-02-24,Cyprus,Cyprus,20.0,M,Left Winger
6889,289007.0,Rachid Ghezzal,Rachid,Ghezzal,1992-05-09,France,Algeria,18.0,M,Left/Right Winger
15259,288975.0,Morgan Gibbs-White,Morgan,Gibbs-White,2000-01-27,England,England,27.0,M,Centre Central Midfielder
9117,277660.0,Ben Gibson,Ben,Gibson,1993-01-15,England,England,4.0,D,Centre Central Defender
20081,314437.0,Ryan Giles,Ryan,Giles,2000-01-26,England,England,,M,Left Winger
24221,277742.0,Billy Gilmour,Billy,Gilmour,2001-06-11,Scotland,Scotland,8.0,M,Centre Attacking Midfielder
4481,281624.0,Olivier Giroud,Olivier,Giroud,1986-09-30,France,France,9.0,F,Centre Striker
20179,185660.0,Paul Gladon,Paul,Gladon,1992-03-18,Netherlands,Netherlands,9.0,F,Centre Striker
24232,292813.0,Paul Glatzel,Paul,Glatzel,2001-02-20,England,England,,M,Midfielder
10968,258690.0,Ben Godfrey,Ben,Godfrey,1998-01-15,England,England,22.0,D,Centre Central Defender
50989,288986.0,Claudio Gomes,Claudio,Gomes,2000-07-23,France,France,17.0,M,Centre Central Midfielder
10651,19499.0,Joe Gomez,Joe,Gomez,1997-05-23,England,England,12.0,D,Left/Centre/Right Central Defender
66362,305656.0,Gonçalo Cardoso,Gonçalo Bento,Soares Cardoso,2000-10-21,Portugal,Portugal,3.0,D,Left/Right Central Defender
14795,269366.0,Mace Goodridge,Mace,Goodridge,1999-09-13,England,England,25.0,M,Centre Central Midfielder
64037,288947.0,John-Kymani Gordon,John-Kymani,Gordon,2003-02-13,England,England,,F,Centre Striker
3390,268421.0,Dan Gosling,Dan,Gosling,1990-02-01,England,England,16.0,M,Centre/Right Central Midfielder
19909,305298.0,Kamil Grabara,Kamil,Grabara,1999-01-08,Poland,Poland,1.0,G,Goalkeeper
1870,277687.0,Lee Grant,Lee,Grant,1983-01-27,England,England,,G,Goalkeeper
7946,282268.0,Demarai Gray,Demarai,Gray,1996-06-28,England,England,11.0,F,Left/Right Winger
4260,285236.0,Jack Grealish,Jack,Grealish,1995-09-10,England,England,10.0,M,Left/Centre/Right Attacking Midfielder
10433,305604.0,Andre Green,Andre,Green,1998-07-26,England,England,19.0,F,Left/Right Central Midfielder
25266,268200.0,Mason Greenwood,Mason,Greenwood,2001-10-01,England,England,,F,Forward
14766,277626.0,Daniel Grimshaw,Daniel,Grimshaw,1998-01-16,England,England,32.0,G,Goalkeeper
22542,48182.0,Pascal Groß,Pascal,Groß,1991-06-15,Germany,Germany,13.0,M,Centre Central Midfielder
13985,282096.0,Marko Grujic,Marko,Grujic,1996-04-13,Yugoslavia,Serbia,16.0,M,Centre Central Midfielder
7548,129756.0,Vicente Guaita,Vicente,Guaita,1987-01-10,Spain,Spain,13.0,G,Goalkeeper
6210,30985.0,Jóhann Gudmundsson,Jóhann,Gudmundsson,1990-10-27,Iceland,Iceland,7.0,M,Left Winger
14569,282013.0,Marc Guéhi,Marc,Guéhi,2000-07-13,Cote D’Ivoire,England,6.0,D,Centre Central Defender
50512,312812.0,Mattéo Guendouzi,Mattéo,Guendouzi,1999-04-14,France,France,6.0,M,Centre Central Midfielder
15549,313338.0,Frédéric Guilbert,Frédéric,Guilbert,1994-12-24,France,France,2.0,D,Right Full Back
5101,26147.0,Ilkay Gündogan,Ilkay,Gündogan,1990-10-24,Germany,Germany,8.0,M,Centre Central Midfielder
15269,277023.0,Angus Gunn,Angus,Gunn,1996-01-22,England,England,28.0,G,Goalkeeper
51437,289033.0,Peter Gwargis,Peter,Gwargis,2000-09-04,Sweden,Sweden,21.0,M,Midfielder
32728,279835.0,Viktor Gyökeres,Viktor,Gyökeres,1998-06-04,Sweden,Sweden,17.0,F,Centre Striker
24839,170341.0,Sead Haksabanovic,Sead,Haksabanovic,1999-05-04,Sweden,Montenegro,20.0,M,Left/Right Winger
49761,315703.0,Sébastien Haller,Sébastien,Haller,1994-06-22,France,Cote D’Ivoire,9.0,F,Centre Striker
14835,289814.0,Ethan Hamilton,Ethan,Hamilton,1998-10-18,Scotland,Scotland,4.0,M,Midfielder
3819,56726.0,Grant Hanley,Grant,Hanley,1991-11-20,Scotland,Scotland,,D,Centre Central Defender
14808,302450.0,Joseph Hardy,Joseph,Hardy,1998-09-26,England,England,19.0,F,Centre Striker
14875,144657.0,Nathan Harker,Nathan,Harker,1998-11-05,England,England,29.0,G,Goalkeeper
3143,289224.0,Joe Hart,Joe,Hart,1987-04-19,England,England,1.0,G,Goalkeeper
25447,314647.0,Taylor Harwood-Bellis,Taylor,Harwood-Bellis,2002-01-30,England,England,,D,Centre Central Defender
10000,166468.0,Kortney Hause,Kortney,Hause,1995-07-16,England,England,,M,Midfielder
66517,185884.0,Kaine Hayden,Kaine,Hayden,2003-05-25,England,England,59.0,M,Midfielder
2933,277767.0,Tom Heaton,Tom,Heaton,1986-04-15,England,England,22.0,G,Goalkeeper
4582,166741.0,Michael Hector,Michael,Hector,1992-07-19,England,Jamaica,3.0,D,Centre Central Defender
47259,299731.0,Philip Heise,Philip,Heise,1991-06-20,Germany,Germany,16.0,D,Left Full Back
5064,288993.0,Hélder Costa,Hélder Wander,Sousa de Azevedo e Costa,1994-01-12,Angola,Angola,11.0,F,Left/Right Winger
13234,162553.0,Tomer Hemed,Tomer,Hemed,1987-05-02,Israel,Israel,26.0,F,Centre Striker
3058,14442.0,Stephen Henderson,Stephen,Henderson,1988-05-02,Ireland,Ireland,30.0,G,Goalkeeper
8586,317851.0,Jeff Hendrick,Jeff,Hendrick,1992-01-31,Ireland,Ireland,,M,Centre Central Midfielder
11579,314603.0,Ben Heneghan,Ben,Heneghan,1993-09-19,England,England,,D,Defender
2569,282043.0,Wayne Hennessey,Wayne,Hennessey,1987-01-24,Wales,Wales,13.0,G,Goalkeeper
10432,180321.0,Rushian Marcus Amari Hepburn-Murphy,Rushian Marcus Amari,Hepburn-Murphy,1998-08-28,England,England,,F,Forward
33066,300657.0,Onel Hernández,Onel,Hernández,1993-02-01,Cuba,Cuba,25.0,M,Left/Right Winger
10475,160260.0,Ander Herrera,Ander,Herrera,1989-08-14,Spain,Spain,21.0,M,Centre Central Midfielder
10501,294061.0,Jake Hesketh,Jake,Hesketh,1996-03-27,England,England,12.0,M,Attacking Midfielder
3719,15253.0,Heurelho Gomes,Heurelho,da Silva Gomes,1981-02-15,Brazil,Brazil,1.0,G,Goalkeeper
14619,304119.0,Mateusz Hewelt,Mateusz,Hewelt,1996-09-23,Poland,Poland,30.0,G,Goalkeeper
5698,312116.0,Gonzalo Higuaín,Gonzalo,Higuaín,1987-12-10,France,Argentina,10.0,F,Centre Striker
51559,257412.0,Thomas Hill,Thomas,Hill,2002-10-13,England,England,99.0,F,Striker
14459,293952.0,Kaylen Hinds,Kaylen,Hinds,1998-01-28,England,England,53.0,F,Forward
14283,285221.0,George Hirst,George,Hirst,1999-02-15,England,England,19.0,F,Centre Striker
6194,277726.0,Wesley Hoedt,Wesley,Hoedt,1994-03-06,Netherlands,Netherlands,4.0,D,Centre Central Defender
52951,314803.0,Ki-Jana Hoever,Ki-Jana,Hoever,2002-01-18,Netherlands,Netherlands,2.0,D,Defender
9496,255649.0,Scott Hogan,Scott,Hogan,1992-04-13,Ireland,Ireland,9.0,F,Centre Striker
11575,31013.0,Rob Holding,Rob,Holding,1995-09-20,England,England,16.0,D,Centre Central Defender
5713,269585.0,José Holebas,José,Holebas,1984-06-27,Germany,Greece,25.0,D,Defender
10564,144313.0,Mason Holgate,Mason,Holgate,1996-10-22,England,England,68.0,D,Centre Central Defender
14637,314383.0,Nathan Holland,Nathan,Holland,1998-06-19,England,England,,M,Left Winger
9431,269901.0,Ricky Holmes,Ricky,Holmes,1987-06-19,England,England,30.0,M,Left Winger
66108,160499.0,Nathaniel Shio Hong Wan,Nathaniel Shio,Hong Wan,,England,England,,M,Midfielder
10451,291946.0,Muhamed Besic,Muhamed,Besic,1992-09-10,Germany,Bosnia & Herzegovina,5.0,M,Midfielder
8882,160732.0,Philip Billing,Philip,Billing,1996-06-11,Denmark,Denmark,29.0,M,Centre Defensive Midfielder
15661,289472.0,Birkir Bjarnason,Birkir,Bjarnason,1988-05-27,Iceland,Iceland,67.0,M,Centre Central Midfielder
21881,281128.0,Nathan Bishop,Nathan,Bishop,1999-10-15,England,England,1.0,G,Goalkeeper
50245,312817.0,Yves Bissouma,Yves,Bissouma,1996-08-30,Cote D’Ivoire,Mali,38.0,M,Midfielder
21820,286985.0,Joshua Bohui,Joshua,Bohui,1999-03-03,England,England,37.0,F,Left/Right Winger
14434,287507.0,Tolaji Bola,Tolaji,Bola,1999-01-04,England,England,15.0,D,Left Full Back
4763,268226.0,Yannick Bolasie,Yannick,Bolasie,1989-05-24,France,DR Congo,14.0,F,Left/Right Winger
14793,302859.0,Luke Bolton,Luke,Bolton,1999-10-07,England,England,24.0,M,Right Winger
16204,129762.0,Willy Boly,Willy,Boly,1991-02-03,France,Cote D’Ivoire,15.0,D,Centre Central Defender
5721,260926.0,Gaëtan Bong,Gaëtan,Bong,1988-04-25,Cameroon,Cameroon,13.0,D,Left Full Back
16622,296354.0,Borja Bastón,Borja,González Tomás,1992-08-25,Spain,Spain,9.0,F,Centre Striker
4601,289289.0,Artur Boruc,Artur,Boruc,1980-02-20,Poland,Poland,1.0,G,Goalkeeper
12584,133548.0,Sofiane Boufal,Sofiane,Boufal,1993-09-17,France,Morocco,19.0,M,Left/Centre/Right Attacking Midfielder
23951,285391.0,Jamie Bowden,Jamie,Bowden,2001-07-09,England,Ireland,18.0,M,Centre Central Midfielder
8868,180212.0,Jarrod Bowen,Jarrod,Bowen,1996-12-20,England,England,20.0,F,Centre Striker
23812,189315.0,Morgan Boyes,Morgan,Boyes,2001-04-22,Wales,Wales,22.0,D,Centre Central Defender
4158,315651.0,Robbie Brady,Robbie,Brady,1992-01-14,Ireland,Ireland,,M,Left Winger
66318,267522.0,Jarrad Branthwaite,Jarrad,Branthwaite,2002-06-27,England,England,32.0,D,Centre Central Defender
5810,285235.0,Claudio Bravo,Claudio,Bravo,1983-04-13,Chile,Chile,25.0,G,Goalkeeper
10565,202657.0,James Bree,James,Bree,1997-12-11,England,England,2.0,D,Right Full Back
14742,258131.0,Rhian Brewster,Rhian,Brewster,2000-04-01,England,England,7.0,F,Centre Striker
5668,20252.0,Miguel Britos,Miguel,Britos,1985-07-17,Uruguay,Uruguay,3.0,D,Left/Centre Central Defender
31442,286395.0,Armando Broja,Armando,Broja,2001-09-10,England,Albania,18.0,F,Centre Striker
13706,130553.0,David Brooks,David,Brooks,1997-07-08,England,Wales,7.0,M,Left/Centre/Right Attacking Midfielder
4674,316941.0,Isaiah Brown,Isaiah,Brown,1997-01-07,England,England,20.0,M,Centre Central Midfielder
9457,180093.0,Josh Brownhill,Josh,Brownhill,1995-12-19,England,England,8.0,M,Centre Central Midfielder
8162,10195.0,Bruno,Bruno,Saltor Grau,1980-10-01,Spain,Spain,2.0,D,Right Full Back
23396,180060.0,Bruno Fernandes,Bruno Miguel,Borges Fernandes,1994-09-08,Portugal,Portugal,8.0,M,Left/Centre/Right Attacking Midfielder
25191,265924.0,Bruno Jordão,Bruno André,Cavaco Jordão,1998-10-12,Portugal,Portugal,,M,Centre Central Midfielder
14779,289837.0,Kean Bryan,Kean,Bryan,1996-11-01,England,England,22.0,D,Centre Central Defender
26408,276764.0,Emiliano Buendía,Emiliano,Buendía,1996-12-25,Argentina,Argentina,10.0,M,Left/Right Attacking Midfielder
23695,315587.0,Marcin Bulka,Marcin,Bulka,1999-10-04,Poland,Poland,1.0,G,Goalkeeper
3567,18555.0,Mark Bunn,Mark,Bunn,1984-11-16,England,England,31.0,G,Goalkeeper
8707,302934.0,Dan Burn,Dan,Burn,1992-05-09,England,England,33.0,D,Centre Central Defender
14444,192895.0,Robbie Burton,Robbie,Burton,1999-12-26,Wales,Wales,26.0,M,Midfielder
66307,300388.0,Rocky Bushiri,Rocky,Bushiri,1999-11-30,Belgium,Belgium,33.0,D,Centre Central Defender
11965,314385.0,Matt Butcher,Matt,Butcher,1997-05-14,England,England,7.0,M,Centre Central Midfielder
3505,217474.0,David Button,David,Button,1989-02-27,England,England,25.0,G,Goalkeeper
25435,137803.0,Oskar Buur,Oskar,Buur,1998-03-31,Denmark,Denmark,59.0,D,Defender
23869,160643.0,Jack Bycroft,Jack,Bycroft,2001-09-21,England,England,,G,Goalkeeper
8945,160495.0,Sam Byram,Sam,Byram,1993-09-16,England,England,3.0,D,Right Full Back
10466,298744.0,Willy Caballero,Willy,Caballero,1981-09-28,Argentina,Argentina,13.0,G,Goalkeeper
2620,317135.0,Gary Cahill,Gary,Cahill,1985-12-19,England,England,24.0,D,Centre Central Defender
32279,288874.0,Jake Cain,Jake,Cain,2001-09-02,England,England,24.0,M,Midfielder
9576,41062.0,Dominic Calvert-Lewin,Dominic,Calvert-Lewin,1997-03-16,England,England,9.0,F,Centre Striker
22952,106138.0,Víctor Camarasa,Víctor,Camarasa,1994-05-28,Spain,Spain,10.0,M,Centre Central Midfielder
50467,304854.0,Brennan Camp,Brennan,Camp,2000-10-12,England,Scotland,2.0,D,Defender
74562,312115.0,Leonardo Campana,Leonardo,Campana,2000-07-24,Ecuador,Ecuador,9.0,F,Centre Striker
51648,189418.0,Chem Campbell,Chem,Campbell,2002-12-30,Wales,Wales,77.0,M,Midfielder
14944,317531.0,Todd Cantwell,Todd,Cantwell,1998-02-27,England,England,14.0,M,Left Winger
4843,266708.0,Etienne Capoue,Etienne,Capoue,1988-07-11,France,France,6.0,M,Midfielder
15989,258829.0,Guido Carrillo,Guido,Carrillo,1991-05-25,Argentina,Argentina,7.0,F,Centre Striker
4430,287701.0,Tom Carroll,Tom,Carroll,1992-05-28,England,England,25.0,M,Centre Central Midfielder
4259,261587.0,Samir Carruthers,Samir,Carruthers,1993-04-04,Ireland,Ireland,,M,Attacking Midfielder
2250,282078.0,Scott Carson,Scott,Carson,1985-09-03,England,England,33.0,G,Goalkeeper
13814,312808.0,Cameron Carter-Vickers,Cameron,Carter-Vickers,1997-12-31,England,United States,20.0,D,Centre Central Defender
19951,314386.0,Lewis Cass,Lewis,Cass,2000-02-27,England,England,27.0,D,Centre Central Defender
3160,15257.0,Craig Cathcart,Craig,Cathcart,1989-02-06,Northern Ireland,Northern Ireland,15.0,D,Centre Central Defender
7163,276663.0,Dani Ceballos,Dani,Ceballos,1996-08-07,Spain,Spain,8.0,M,Left/Centre/Right Attacking Midfielder
2651,266361.0,Petr Cech,Petr,Cech,1982-05-20,Czech Republic,Czech Republic,1.0,G,Goalkeeper
11347,259558.0,Cédric Soares,Cédric Ricardo,Alves Soares,1991-08-31,Germany,Portugal,,D,Defender
14575,263351.0,Trevoh Chalobah,Trevoh,Chalobah,1999-07-05,Sierra Leone,England,14.0,D,Centre/Right Central Defender
4620,302341.0,Calum Chambers,Calum,Chambers,1995-01-20,England,England,16.0,D,Centre/Right Central Defender
2936,315681.0,James Chester,James,Chester,1989-01-23,England,Wales,,D,Centre Central Defender
4161,163747.0,Chicharito,Javier,Hernández Balcázar,1988-06-01,Mexico,Mexico,14.0,F,Centre Striker
13491,194764.0,Ben Chilwell,Ben,Chilwell,1996-12-21,England,England,21.0,D,Left Full Back
13510,155186.0,Pedro Chirivella,Pedro,Chirivella,1997-05-23,Spain,Spain,,M,Centre Central Midfielder
20858,304720.0,Tahith Chong,Tahith,Chong,1999-12-04,Curacao,Netherlands,,F,Forward
13248,135757.0,Hamza Choudhury,Hamza,Choudhury,1997-10-01,England,England,20.0,M,Centre Central Midfielder
4495,315360.0,Andreas Christensen,Andreas,Christensen,1996-04-10,Denmark,Denmark,,D,Centre Central Defender
64522,292340.0,Christian Marques,Christian,Fernandes Marques,2003-01-15,Portugal,Portugal,24.0,D,Centre Central Defender
14589,315387.0,Isaac Christie-Davies,Isaac,Christie-Davies,1997-10-18,England,Wales,,M,Midfielder
51609,287368.0,Dennis Cirkin,Dennis,Cirkin,2002-04-06,England,England,17.0,D,Left Full Back
14473,288534.0,Mitchell Clark,Mitchell,Clark,1999-03-13,Wales,Wales,36.0,D,Centre Central Defender
8913,280919.0,Matt Clarke,Matt,Clarke,1996-09-22,England,England,16.0,D,Centre Central Defender
33335,287713.0,Leighton Clarkson,Leighton,Clarkson,2001-10-19,England,England,19.0,M,Centre Central Midfielder
12365,163235.0,Jordy Clasie,Jordy,Clasie,1991-06-27,Netherlands,Netherlands,20.0,M,Centre Defensive Midfielder
23809,317860.0,Thomas Clayton,Thomas,Clayton,2000-12-27,Scotland,Scotland,,D,Centre Central Defender
3448,44032.0,Tom Cleverley,Tom,Cleverley,1989-08-12,England,England,8.0,M,Centre Central Midfielder
4604,27098.0,Nathaniel Clyne,Nathaniel,Clyne,1991-04-05,England,England,17.0,D,Right Full Back
4136,20418.0,Conor Coady,Conor,Coady,1993-02-25,England,England,16.0,D,Centre Central Defender
14559,276631.0,Alex Cochrane,Alex,Cochrane,2000-04-21,England,England,3.0,D,Left Full Back
3713,188203.0,Jack Colback,Jack,Colback,1989-10-24,England,England,8.0,M,Centre Central Midfielder
3600,94007.0,Séamus Coleman,Séamus,Coleman,1988-10-11,Ireland,Ireland,,D,Right Full Back
14549,269143.0,Will Collar,Will,Collar,1997-02-03,England,England,14.0,M,Midfielder
21653,299570.0,Aaron Connolly,Aaron,Connolly,2000-01-28,Ireland,Ireland,26.0,F,Centre Striker
8045,299844.0,Steve Cook,Steve,Cook,1991-04-19,England,England,27.0,D,Centre Central Defender
53182,300058.0,Theo Corbeanu,Theo,Corbeanu,2002-05-17,Canada,Canada,11.0,F,Right Winger
2889,49709.0,Jack Cork,Jack,Cork,1989-06-25,England,England,4.0,M,Centre Central Midfielder
8585,281035.0,Paul Coutts,Paul,Coutts,1988-07-22,Scotland,Scotland,15.0,M,Centre Central Midfielder
15211,301060.0,Conor Coventry,Conor,Coventry,2000-03-25,England,Ireland,14.0,M,Centre Defensive Midfielder
2559,160085.0,Martin Cranie,Martin,Cranie,1986-09-26,England,England,2.0,D,Centre Central Defender
8897,14131.0,Aaron Cresswell,Aaron,Cresswell,1989-12-15,England,England,3.0,D,Left Full Back
51245,255919.0,Kane Crichlow,Kane,Crichlow,2000-08-21,Bermuda,Bermuda,49.0,M,Centre Attacking Midfielder
4354,272996.0,Andrew Crofts,Andrew,Crofts,1984-05-29,England,Wales,48.0,M,Centre Central Midfielder
1629,181323.0,Peter Crouch,Peter,Crouch,1981-01-30,England,England,15.0,F,Centre Striker
13716,166879.0,Cuco Martina,Rhu-endly,Martina,1989-09-25,Netherlands,Curacao,,D,Defender
10539,317848.0,Josh Cullen,Josh,Cullen,1996-04-07,England,Ireland,,M,Centre Central Midfielder
14565,300598.0,Jamie Cumming,Jamie,Cumming,1999-09-04,England,England,1.0,G,Goalkeeper
